radio,mcc,net,area,cell,unit,lon,lat,range,samples,changeable,created,updated,averageSignal
GSM,649,1,100,10112,0,17.15,-22.5799,5987,27,1,1345445777,1732949028,0
GSM,649,1,103,11242,0,17.1896,-22.5636,3281,27,1,1345445777,1736577790,0
GSM,649,1,103,11240,0,17.1977,-22.562,5178,27,1,1345445777,1736577790,0
GSM,649,1,103,11953,0,17.0514,-22.337,7044,105,1,1345448359,1720070558,0
GSM,649,1,103,11952,0,17.0402,-22.3,13127,96,1,1345448359,1720070711,0
GSM,649,1,103,11951,0,17.0512,-22.3431,9617,105,1,1345448359,1720070558,0
GSM,649,1,115,10041,0,17.0777,-22.4862,9083,27,1,1345448359,1736577609,0
GSM,649,1,103,11241,0,17.2442,-22.5502,13984,27,1,1345448751,1736577793,0
GSM,649,1,103,10172,0,17.3208,-22.5314,20857,27,1,1345448751,1736491370,0
GSM,649,1,103,10171,0,17.2657,-22.5471,11786,27,1,1345448751,1736577793,0
GSM,649,1,103,13812,0,17.371,-22.5176,15479,27,1,1345448751,1736491375,0
GSM,649,1,103,10133,0,17.3893,-22.5141,13018,27,1,1345448751,1736491375,0
GSM,649,1,103,13810,0,17.3623,-22.5204,16422,27,1,1345448756,1736491380,0
GSM,649,1,103,13811,0,17.3861,-22.5155,9061,27,1,1345449808,1736491380,0
GSM,649,1,116,15402,0,17.5404,-22.4629,22796,27,1,1345449810,1736577799,0
GSM,649,1,103,10132,0,17.4762,-22.4913,16967,27,1,1345449810,1736491375,0
GSM,649,1,116,10872,0,17.4851,-22.4875,19298,27,1,1345449810,1734933569,0
GSM,649,1,103,10131,0,17.484,-22.487,16042,27,1,1345449811,1736491375,0
GSM,649,1,103,10591,0,16.8971,-21.9036,10133,127,1,1345449881,1720070703,0
GSM,649,1,103,10533,0,16.8937,-21.8849,19027,149,1,1345449881,1700804172,0
GSM,649,1,103,15981,0,16.8947,-21.91,8620,78,1,1345449881,1720070567,0
GSM,649,1,103,15861,0,16.9007,-21.9305,23783,96,1,1345449881,1700804289,0
GSM,649,1,103,10014,0,17.0983,-22.6809,12179,104,1,1345453484,1706679538,0
GSM,649,1,113,11172,0,17.0752,-22.646,3046,18,1,1345453484,1706679538,0
GSM,649,1,100,10113,0,17.0835,-22.6456,10141,28,1,1345453489,1706679535,0
GSM,649,1,113,10653,0,17.0707,-22.6688,5534,41,1,1345453489,1706679538,0
GSM,649,1,116,10870,0,17.3498,-22.5277,33604,30,1,1345458919,1702272996,0
GSM,649,1,116,15400,0,17.5901,-22.4429,17248,27,1,1345462647,1736577799,0
GSM,649,1,113,10412,0,17.1851,-22.5656,10177,42,1,1345495321,1702359366,0
GSM,649,1,103,10593,0,17.0145,-22.2293,17211,46,1,1345495376,1703309845,0
GSM,649,1,113,11912,0,17.081,-22.6081,9680,8,1,1345518948,1726548427,0
GSM,649,1,113,10652,0,17.1473,-22.5888,7257,14,1,1345537666,1702359380,0
GSM,649,1,115,10421,0,17.0754,-22.4586,7696,24,1,1345550548,1730548156,0
GSM,649,1,115,13821,0,17.0868,-22.5391,8949,15,1,1345550554,1736577786,0
GSM,649,1,103,14451,0,16.8977,-21.9579,2108,7,1,1345566113,1720070608,0
GSM,649,1,115,15801,0,17.0784,-22.4874,4144,19,1,1345588799,1734933588,0
GSM,649,1,115,10423,0,17.0775,-22.4911,3386,17,1,1345588799,1736577618,0
GSM,649,1,115,14171,0,17.076,-22.5154,3810,17,1,1345588804,1736577665,0
GSM,649,1,100,14122,0,17.1452,-22.5828,2642,21,1,1345594725,1732949028,0
GSM,649,1,113,10072,0,17.0765,-22.6304,2456,8,1,1345615436,1706679538,0
GSM,649,1,115,10422,0,17.0786,-22.5079,2103,12,1,1345624522,1736577609,0
GSM,649,1,115,19581,0,17.0773,-22.4943,2817,6,1,1345624522,1730548196,0
GSM,649,1,115,18462,0,17.0786,-22.5092,2121,8,1,1319192855,1736577609,0
GSM,649,1,100,11043,0,17.0846,-22.561,1000,34,1,1384850061,1700718106,0
GSM,649,1,100,11061,0,17.0835,-22.5604,1000,36,1,1384850061,1700718106,0
GSM,649,1,115,13823,0,17.0941,-22.5691,1786,12,1,1385025573,1736577786,0
GSM,649,1,100,10223,0,17.0804,-22.5758,1000,20,1,1239165999,1726548405,0
GSM,649,1,103,10532,0,16.9289,-22.0208,4369,8,1,1239166013,1720070564,0
GSM,649,1,103,10531,0,16.8966,-21.933,4371,13,1,1239166014,1720070567,0
GSM,649,1,108,12731,0,15.8899,-17.4292,5650,39,1,1239166016,1726290170,0
GSM,649,1,108,12732,0,15.8889,-17.4452,4513,43,1,1239166017,1712032499,0
GSM,649,1,108,12733,0,15.8914,-17.4508,1063,11,1,1239166019,1693214625,0
GSM,649,1,113,10411,0,17.0899,-22.5919,1880,18,1,1321364505,1706679581,0
GSM,649,1,113,11202,0,17.0917,-22.5836,1321,5,1,1341859002,1706765597,0
GSM,649,1,106,15680,0,21.5716,-18.1062,4898,9,1,1363521664,1690256391,0
GSM,649,1,112,15753,0,17.7047,-19.256,7636,31,1,1363611946,1727065961,0
GSM,649,1,106,16431,0,20.1533,-17.9098,8667,8,1,1365011209,1691729801,0
GSM,649,1,100,10503,0,17.0826,-22.5677,1000,6,1,1365594902,1703309898,0
GSM,649,1,113,15823,0,17.0888,-22.6156,1767,12,1,1368093608,1706679542,0
GSM,649,1,113,14103,0,17.051,-22.5851,4136,9,1,1368438838,1726548420,0
GSM,649,1,100,16133,0,17.078,-22.5734,1678,16,1,1371576996,1706765714,0
GSM,649,1,113,11182,0,17.1013,-22.6052,1000,12,1,1371646920,1706679535,0
GSM,649,1,112,13131,0,16.7747,-18.4878,19395,20,1,1372284678,1735108164,0
GSM,649,1,112,11862,0,17.7315,-19.2663,6456,9,1,1372875880,1727065962,0
GSM,649,1,108,12771,0,15.9395,-17.8729,4136,6,1,1375647040,1716611955,0
GSM,649,1,106,12231,0,21.5525,-18.1048,5619,35,1,1378544717,1690257322,0
GSM,649,1,106,13572,0,20.9974,-17.9811,7759,19,1,1379583899,1691724790,0
GSM,649,1,106,12232,0,21.4499,-18.0628,6950,8,1,1381155839,1690257322,0
GSM,649,1,106,12230,0,21.5146,-18.0893,7852,19,1,1381155895,1690257322,0
GSM,649,1,106,13571,0,20.805,-18.0291,22496,11,1,1383052242,1691725735,0
GSM,649,1,123,12021,0,24.3012,-17.4963,4690,7,1,1387201142,1715229513,0
GSM,649,1,113,10071,0,17.0785,-22.5995,1218,7,1,1387902150,1726548417,0
GSM,649,1,106,12122,0,19.7615,-18.0276,13673,9,1,1390142226,1690331420,0
GSM,649,1,108,12421,0,15.9325,-17.8557,6234,12,1,1393398095,1735108143,0
GSM,649,1,113,14032,0,17.0827,-22.5843,1000,10,1,1395760708,1726548427,0
GSM,649,1,100,10021,0,17.0781,-22.5632,6965,47,1,1397492616,1700718107,0
GSM,649,1,122,16581,0,15.8993,-17.5246,9029,6,1,1402607826,1725601450,0
GSM,649,1,113,16092,0,17.0824,-22.6012,2456,10,1,1407649994,1702359400,0
GSM,649,1,112,12111,0,17.7093,-19.2266,9565,38,1,1409724680,1727065961,0
GSM,649,1,113,10413,0,17.0797,-22.6027,2226,33,1,1413646195,1726548413,0
GSM,649,1,113,16072,0,17.0862,-22.6074,1366,10,1,1413646552,1726548413,0
GSM,649,1,100,10221,0,17.0839,-22.5719,1000,22,1,1414998900,1726548401,0
GSM,649,1,123,12193,0,24.2902,-17.482,1555,13,1,1418832147,1691634041,0
GSM,649,1,123,16631,0,24.2933,-17.4819,1390,9,1,1418812348,1691634041,0
GSM,649,3,20111,10073,0,17.3131,-22.5354,19058,22,1,1436727557,1703309878,0
GSM,649,3,20111,10061,0,17.4714,-22.4901,4311,12,1,1440783741,1712119109,0
GSM,649,1,113,11053,0,17.0582,-22.5887,1546,9,1,1441176080,1700804341,0
GSM,649,1,100,11921,0,17.0876,-22.5735,1000,8,1,1458825817,1726548405,0
GSM,649,1,100,16081,0,17.0811,-22.5621,1000,4,1,1458825817,1700718106,0
GSM,649,1,100,15812,0,17.1088,-22.5739,2872,13,1,1458825817,1732781402,0
GSM,649,1,100,10151,0,17.1044,-22.5712,1000,7,1,1458825817,1732781402,0
GSM,649,1,100,11922,0,17.0908,-22.5817,1000,5,1,1458825817,1726548401,0
GSM,649,1,100,15813,0,17.1012,-22.5686,1000,9,1,1458825817,1732781402,0
GSM,649,1,100,10033,0,17.0827,-22.5628,1000,8,1,1458825817,1703309898,0
GSM,649,1,100,16083,0,17.0796,-22.5684,1036,14,1,1458825817,1700718107,0
GSM,649,1,100,10502,0,17.0848,-22.5674,1000,3,1,1458825817,1703309898,0
GSM,649,1,100,16063,0,17.0689,-22.5742,5288,12,1,1458825817,1702359522,0
GSM,649,1,100,10153,0,17.1017,-22.5722,1000,9,1,1458825817,1732781402,0
GSM,649,1,100,10032,0,17.1063,-22.5724,1565,17,1,1458825817,1736577786,0
GSM,649,1,100,10022,0,17.0805,-22.5686,1065,25,1,1458825817,1700718106,0
GSM,649,1,100,10031,0,17.0868,-22.5134,6783,8,1,1458825817,1730548184,0
GSM,649,1,100,14123,0,17.1157,-22.5775,1000,4,1,1449796536,1703309815,0
GSM,649,1,100,10222,0,17.0875,-22.5739,1000,10,1,1458825817,1726548405,0
GSM,649,1,102,12093,0,17.349,-19.6499,3386,6,1,1458825819,1693745387,0
GSM,649,1,100,16082,0,17.0842,-22.5672,1000,3,1,1458825817,1703309898,0
GSM,649,1,100,11923,0,17.0698,-22.5767,3188,9,1,1458825817,1726548401,0
GSM,649,1,100,10152,0,17.107,-22.5739,1000,8,1,1458825817,1730183961,0
GSM,649,1,100,14121,0,17.1169,-22.5773,1959,9,1,1458825817,1730183961,0
GSM,649,1,102,12091,0,17.3546,-19.6467,2985,4,1,1458825819,1693745387,0
GSM,649,1,102,15450,0,17.311,-19.6974,25219,6,1,1458825819,1693745387,0
GSM,649,1,103,16860,0,17.2006,-22.5513,2772,6,1,1458825821,1726548441,0
GSM,649,1,103,16603,0,16.9348,-22.0357,1000,3,1,1458825821,1703309879,0
GSM,649,1,103,14452,0,16.9159,-21.9945,2296,4,1,1458825820,1700804172,0
GSM,649,1,103,16602,0,16.9439,-22.064,6205,5,1,1458825821,1720070707,0
GSM,649,1,106,12332,0,19.576,-18.1065,12724,2,1,1432000056,1691802421,0
GSM,649,1,107,12651,0,16.2832,-18.1709,10500,9,1,1458825823,1727065935,0
GSM,649,1,106,16432,0,20.0995,-17.9405,2485,2,1,1431447152,1690264443,0
GSM,649,1,106,12221,0,20.7052,-18.0385,8962,8,1,1458825822,1691725735,0
GSM,649,1,106,15903,0,19.6818,-17.8708,6724,5,1,1458825822,1691798789,0
GSM,649,1,107,19921,0,16.4916,-18.2779,3822,3,1,1458825823,1725601409,0
GSM,649,1,107,19922,0,16.5291,-18.3329,14625,5,1,1458825823,1725601409,0
GSM,649,1,108,12061,0,15.8926,-17.4581,3810,10,1,1458825823,1725601453,0
GSM,649,1,107,13210,0,16.2678,-18.0947,3524,7,1,1458825823,1727065935,0
GSM,649,1,107,20331,0,16.1462,-18.0073,20587,5,1,1458825823,1727065935,0
GSM,649,1,107,20332,0,16.2543,-18.085,11564,8,1,1458825823,1727065935,0
GSM,649,1,107,20182,0,16.5831,-18.3622,1000,6,1,1458825823,1725601405,0
GSM,649,1,108,12782,0,16.0977,-17.9711,7998,6,1,1458825823,1716611962,0
GSM,649,1,108,13482,0,15.9901,-17.9185,1000,5,1,1458825823,1716611959,0
GSM,649,1,108,19973,0,15.8862,-17.4742,3532,7,1,1458825824,1693214625,0
GSM,649,1,112,16000,0,17.6853,-19.3505,5349,4,1,1458825826,1693741718,0
GSM,649,1,112,12832,0,17.5176,-19.1092,8201,16,1,1458825826,1735108185,0
GSM,649,1,113,10202,0,17.0865,-22.587,1280,7,1,1458825826,1706765606,0
GSM,649,1,112,16170,0,18.0156,-19.5748,5033,4,1,1443795020,1693748989,0
GSM,649,1,112,16612,0,17.089,-18.5271,12295,12,1,1458825826,1735108170,0
GSM,649,1,112,12282,0,17.7245,-19.2651,2249,6,1,1458825826,1716007157,0
GSM,649,1,113,10103,0,17.0235,-22.5775,4720,14,1,1458825826,1700804341,0
GSM,649,1,112,13500,0,18.4397,-19.2821,13317,4,1,1458825826,1690340554,0
GSM,649,1,112,15351,0,17.5438,-19.1659,7320,8,1,1458825826,1735108199,0
GSM,649,1,113,11911,0,17.08,-22.5754,1000,5,1,1458825827,1706765725,0
GSM,649,1,113,11181,0,17.0993,-22.6,1000,4,1,1458825826,1702359366,0
GSM,649,1,113,17672,0,17.0869,-22.6412,2066,4,1,1458825827,1702359380,0
GSM,649,1,113,14142,0,17.0757,-22.5711,1671,9,1,1458825827,1726548405,0
GSM,649,1,103,16601,0,16.9134,-21.9822,2948,6,1,1458825821,1720070703,0
GSM,649,1,103,19592,0,16.9159,-21.9911,1812,5,1,1458825821,1703309850,0
GSM,649,1,107,12792,0,16.1639,-18.0008,4997,10,1,1458825823,1735108152,0
GSM,649,1,106,13533,0,19.1264,-18.5845,11144,3,1,1458825822,1691804394,0
GSM,649,1,107,12793,0,16.1631,-18.0085,8419,10,1,1458825823,1735108152,0
GSM,649,1,107,12072,0,16.6724,-18.4446,17880,9,1,1458825823,1735108164,0
GSM,649,1,106,12123,0,19.7258,-17.9096,6189,7,1,1458825822,1691798789,0
GSM,649,1,106,19493,0,19.6753,-17.8704,2324,3,1,1440764790,1691798789,0
GSM,649,1,108,13481,0,15.9691,-17.8954,3972,6,1,1458825823,1725601434,0
GSM,649,1,108,12063,0,15.9028,-17.5111,4713,8,1,1437400600,1735108133,0
GSM,649,1,107,19101,0,16.5869,-18.3653,1000,5,1,1458825823,1725601405,0
GSM,649,1,107,20183,0,16.5703,-18.3513,4134,6,1,1458825823,1735108161,0
GSM,649,1,107,12803,0,16.1777,-17.9823,4457,7,1,1458825823,1716611966,0
GSM,649,1,107,19103,0,16.5805,-18.3601,1000,4,1,1458825823,1725601405,0
GSM,649,1,108,20042,0,15.9868,-17.9133,1000,4,1,1458825824,1725601434,0
GSM,649,1,112,12012,0,18.0983,-19.5903,9208,11,1,1458825825,1727065971,0
GSM,649,1,112,12112,0,17.7259,-19.2535,9450,14,1,1458825826,1727065962,0
GSM,649,1,112,11863,0,17.6901,-19.2478,4010,8,1,1458825825,1716698043,0
GSM,649,1,112,12273,0,18.0483,-19.5859,11338,8,1,1445214535,1727065968,0
GSM,649,1,112,16001,0,17.6947,-19.3278,8011,3,1,1458825826,1693741718,0
GSM,649,1,112,13962,0,17.3491,-19.6494,7823,5,1,1458825826,1693743526,0
GSM,649,1,112,16181,0,17.6758,-19.695,1000,2,1,1431447152,1690808264,0
GSM,649,1,112,16610,0,17.1118,-18.5488,18850,13,1,1458825826,1735108172,0
GSM,649,1,112,12352,0,18.2774,-19.4124,4928,3,1,1458825826,1691811190,0
GSM,649,1,113,10633,0,17.0657,-22.5908,3513,21,1,1458825826,1706679581,0
GSM,649,1,112,12131,0,17.5274,-19.1268,2430,3,1,1435118971,1727065959,0
GSM,649,1,112,16611,0,17.0957,-18.5593,18857,12,1,1458825826,1727065950,0
GSM,649,1,112,13501,0,18.4388,-19.2914,4701,4,1,1458825826,1690340554,0
GSM,649,1,112,16172,0,17.9777,-19.824,15176,4,1,1458825826,1716698160,0
GSM,649,1,112,12283,0,17.6636,-19.2352,5394,12,1,1458825826,1727065961,0
GSM,649,1,113,11171,0,17.0795,-22.6147,1325,11,1,1458825826,1706679538,0
GSM,649,1,113,16071,0,17.0834,-22.5975,1000,11,1,1458825827,1726548417,0
GSM,649,1,113,15780,0,17.0987,-22.5941,1596,5,1,1458825827,1706679535,0
GSM,649,1,103,19593,0,16.9117,-21.9882,1000,6,1,1458825821,1720070564,0
GSM,649,1,106,12212,0,20.2207,-17.9159,3811,2,1,1443061280,1691729801,0
GSM,649,1,107,12071,0,16.5654,-18.3487,7968,9,1,1458825823,1735108161,0
GSM,649,1,106,16502,0,20.4407,-17.9528,7088,3,1,1458825822,1690263528,0
GSM,649,1,106,19492,0,19.7312,-17.9279,2608,3,1,1439435460,1691733418,0
GSM,649,1,106,15681,0,21.552,-18.1038,1000,6,1,1458825822,1690256391,0
GSM,649,1,108,13473,0,16.0063,-17.9274,1175,3,1,1458825823,1712032484,0
GSM,649,1,108,12422,0,15.9863,-17.9136,1000,6,1,1458825823,1725601434,0
GSM,649,1,107,13111,0,16.1854,-18.0106,6182,6,1,1458825823,1727065933,0
GSM,649,1,108,12081,0,15.8907,-17.3897,6601,20,1,1458825823,1734763753,0
GSM,649,1,107,15362,0,16.4852,-18.2785,4824,7,1,1458825823,1725601409,0
GSM,649,1,108,12083,0,15.8906,-17.3902,3845,19,1,1430373937,1734763756,0
GSM,649,1,108,18901,0,15.9669,-17.8885,3173,4,1,1458825824,1735108143,0
GSM,649,1,107,13212,0,16.2799,-18.1085,6240,10,1,1458825823,1735108155,0
GSM,649,1,107,15360,0,16.4104,-18.2587,11476,10,1,1458825823,1735108158,0
GSM,649,1,108,19952,0,15.8871,-17.4115,1502,5,1,1445100758,1725601456,0
GSM,649,1,110,10082,0,17.0611,-22.5204,1768,5,1,1458825824,1732781466,0
GSM,649,1,108,19971,0,15.8895,-17.4233,4217,3,1,1455329311,1725857028,0
GSM,649,1,108,19953,0,15.8885,-17.3968,1766,6,1,1442901363,1726290282,0
GSM,649,1,112,12102,0,17.1749,-18.637,7033,11,1,1451730728,1735108175,0
GSM,649,1,112,13522,0,18.8007,-18.9214,10408,2,1,1432000056,1691808015,0
GSM,649,1,112,15752,0,17.7686,-19.279,5028,8,1,1458825826,1735108202,0
GSM,649,1,112,13523,0,18.6459,-19.0857,19257,3,1,1431447152,1691808015,0
GSM,649,1,112,12831,0,17.4156,-18.9812,13463,13,1,1458825826,1735108183,0
GSM,649,1,112,12281,0,17.7172,-19.242,1600,4,1,1458825826,1716007161,0
GSM,649,1,113,10632,0,17.0866,-22.5899,1103,15,1,1458825826,1726548401,0
GSM,649,1,112,13512,0,18.6359,-19.092,11516,4,1,1458825826,1691808915,0
GSM,649,1,112,18123,0,17.9273,-19.6163,3145,3,1,1458825826,1691815234,0
GSM,649,1,112,12830,0,17.4469,-19.0194,8154,18,1,1458825826,1735108183,0
GSM,649,1,112,13511,0,18.5148,-19.2194,8537,3,1,1431447152,1691808915,0
GSM,649,1,112,12810,0,17.0478,-18.5257,10485,10,1,1458825826,1735108170,0
GSM,649,1,113,10102,0,17.0778,-22.577,1000,15,1,1458825826,1706765597,0
GSM,649,1,112,19623,0,17.9362,-19.6098,2159,2,1,1443795030,1691815234,0
GSM,649,1,112,13513,0,18.5339,-19.2,8981,5,1,1458825826,1691808915,0
GSM,649,1,113,10201,0,17.0872,-22.5778,1000,11,1,1458825826,1726548401,0
GSM,649,1,113,15821,0,17.1059,-22.6088,1000,3,1,1423751902,1706679535,0
GSM,649,1,113,17673,0,17.0843,-22.6205,1170,6,1,1458825827,1702445717,0
GSM,649,1,115,14042,0,17.0765,-22.518,2205,9,1,1456840991,1736577696,0
GSM,649,1,115,13832,0,17.0809,-22.5259,3801,24,1,1458825828,1720070718,0
GSM,649,1,115,10601,0,17.0678,-22.5296,1585,23,1,1458825828,1736577662,0
GSM,649,1,113,18961,0,17.0874,-22.5792,1000,3,1,1442733425,1726548409,0
GSM,649,1,102,12092,0,17.3448,-19.657,6911,6,1,1458825819,1693745387,0
GSM,649,1,103,20751,0,16.8948,-21.9638,2450,5,1,1443794978,1720070567,0
GSM,649,1,103,20753,0,16.8797,-21.9671,5007,6,1,1458825821,1720070567,0
GSM,649,1,103,19591,0,16.8985,-21.9661,1000,5,1,1458825821,1720070570,0
GSM,649,1,106,12220,0,20.6041,-18.0279,14135,9,1,1458825822,1690262649,0
GSM,649,1,106,13543,0,19.1166,-18.5952,4935,2,1,1431447152,1691804394,0
GSM,649,1,106,16733,0,19.7229,-17.9204,9507,5,1,1458825822,1691800648,0
GSM,649,1,106,13582,0,21.3205,-18.022,7863,6,1,1458825822,1690258280,0
GSM,649,1,106,13562,0,20.0693,-17.9384,5644,2,1,1444811577,1690264443,0
GSM,649,1,106,13552,0,19.4931,-18.1851,5260,3,1,1432000056,1691802421,0
GSM,649,1,106,16731,0,19.7568,-17.9374,2559,6,1,1458825822,1691800648,0
GSM,649,1,106,16500,0,20.4881,-17.9881,13304,9,1,1458825822,1691728903,0
GSM,649,1,108,13472,0,16.0153,-17.9303,1009,5,1,1458825823,1725601431,0
GSM,649,1,108,19721,0,15.9949,-17.9186,1000,5,1,1458825824,1735108146,0
GSM,649,1,108,12511,0,15.9956,-17.9192,1000,7,1,1458825823,1735108143,0
GSM,649,1,108,12582,0,16.0627,-17.9517,5106,7,1,1458825823,1735108149,0
GSM,649,1,108,12161,0,15.9988,-17.9079,5809,4,1,1458825823,1716611950,0
GSM,649,1,108,12761,0,15.9807,-17.8831,6208,9,1,1458825823,1727065927,0
GSM,649,1,108,13723,0,15.8867,-17.4171,1127,7,1,1437400582,1725601456,0
GSM,649,1,108,13471,0,15.9922,-17.9101,6677,7,1,1458825823,1735108146,0
GSM,649,1,108,19152,0,16.0791,-17.9416,4720,5,1,1458825824,1735108149,0
GSM,649,1,108,19631,0,15.89,-17.382,3094,19,1,1433568598,1734763753,0
GSM,649,1,107,16573,0,16.5721,-18.353,4403,7,1,1458825823,1735108161,0
GSM,649,1,108,12781,0,16.0415,-17.942,4461,5,1,1458825823,1725601431,0
GSM,649,1,108,12162,0,16.0389,-17.9414,12017,6,1,1458825823,1725601431,0
GSM,649,1,108,19931,0,15.947,-17.869,3331,3,1,1458825824,1727065927,0
GSM,649,1,108,20541,0,15.975,-17.8863,2765,4,1,1458825824,1735108143,0
GSM,649,1,112,12011,0,18.0818,-19.5402,6871,8,1,1458825825,1735108207,0
GSM,649,1,112,12013,0,18.0515,-19.575,11786,11,1,1443795030,1735108207,0
GSM,649,1,112,15350,0,17.5461,-19.1692,5444,9,1,1458825826,1735108199,0
GSM,649,1,112,12820,0,17.2262,-18.8131,17583,13,1,1458825826,1735108180,0
GSM,649,1,112,12821,0,17.2245,-18.7233,18484,13,1,1458825826,1735108178,0
GSM,649,1,112,13133,0,16.8118,-18.4578,28590,10,1,1458825826,1735108167,0
GSM,649,1,113,10203,0,17.0656,-22.5923,2229,38,1,1458825826,1726548409,0
GSM,649,1,112,16182,0,17.5213,-19.6525,6069,4,1,1445214535,1693746283,0
GSM,649,1,112,12351,0,18.058,-19.4964,6784,6,1,1458825826,1712637489,0
GSM,649,1,112,12822,0,17.3025,-18.8294,12805,11,1,1458825826,1735108180,0
GSM,649,1,113,11191,0,17.0902,-22.6073,1000,7,1,1458825826,1726548413,0
GSM,649,1,113,14033,0,17.0566,-22.587,4212,20,1,1458825827,1726548420,0
GSM,649,1,113,15822,0,17.1059,-22.6088,1000,3,1,1423751902,1706679535,0
GSM,649,1,113,11203,0,17.0887,-22.5829,1000,2,1,1458217337,1726548409,0
GSM,649,1,115,10603,0,17.0615,-22.5392,1000,8,1,1458825828,1703309825,0
GSM,649,1,115,11162,0,17.0774,-22.5191,1000,9,1,1458825828,1736577609,0
GSM,649,1,115,10301,0,17.0772,-22.5205,1000,13,1,1458825828,1736577626,0
GSM,649,1,115,15381,0,17.0557,-22.3741,10217,6,1,1458825828,1703309830,0
GSM,649,1,115,14173,0,17.0675,-22.5451,1076,16,1,1458825828,1703309820,0
GSM,649,1,102,15451,0,17.3224,-19.6771,6308,7,1,1458825819,1693745387,0
GSM,649,1,103,20752,0,16.913,-21.987,2617,5,1,1443794978,1720070567,0
GSM,649,1,107,12592,0,16.4205,-18.2244,13933,9,1,1458825823,1735108158,0
GSM,649,1,106,12211,0,20.3658,-17.9405,1719,3,1,1458825822,1690263528,0
GSM,649,1,106,12183,0,19.7176,-17.895,4637,5,1,1458825822,1690330512,0
GSM,649,1,107,12591,0,16.3406,-18.1628,7736,10,1,1458825823,1735108155,0
GSM,649,1,108,19173,0,15.9013,-17.4813,1000,4,1,1452432145,1725601453,0
GSM,649,1,108,13051,0,15.9766,-17.8842,2519,6,1,1458825823,1735108143,0
GSM,649,1,107,16572,0,16.5874,-18.3663,4590,6,1,1458825823,1725601402,0
GSM,649,1,107,13211,0,16.2942,-18.1196,7376,7,1,1458825823,1735108155,0
GSM,649,1,108,12762,0,16.0019,-17.9184,2378,6,1,1458825823,1725601434,0
GSM,649,1,107,20471,0,16.1412,-17.9927,1462,4,1,1458825823,1727065933,0
GSM,649,1,107,13113,0,16.2599,-18.0912,4410,7,1,1458825823,1727065935,0
GSM,649,1,108,20521,0,16.0036,-17.922,5089,6,1,1458825824,1727065931,0
GSM,649,1,112,11861,0,17.6853,-19.2163,21969,6,1,1458825825,1716612018,0
GSM,649,1,112,12101,0,17.16,-18.6102,6941,10,1,1451730728,1735108175,0
GSM,649,1,112,15990,0,17.6414,-19.2167,17845,12,1,1458825826,1735108200,0
GSM,649,1,113,11052,0,17.0751,-22.5861,1000,5,1,1458825826,1700804341,0
GSM,649,1,112,12353,0,18.0591,-19.4859,4799,5,1,1458825826,1692776898,0
GSM,649,1,112,13961,0,17.5742,-19.4721,11689,4,1,1458825826,1693742628,0
GSM,649,1,112,12113,0,17.6387,-19.2147,17486,13,1,1458825826,1735108199,0
GSM,649,1,112,12812,0,17.0625,-18.5186,16866,11,1,1451730728,1735108172,0
GSM,649,1,112,19621,0,18.0936,-19.5488,2390,5,1,1458825826,1735108206,0
GSM,649,1,112,15352,0,17.5966,-19.1976,13126,7,1,1458825826,1725601366,0
GSM,649,1,113,10651,0,17.079,-22.6189,1051,5,1,1458825826,1706679538,0
GSM,649,1,113,11913,0,17.0802,-22.5786,1000,4,1,1446307137,1706765617,0
GSM,649,1,115,15802,0,17.0772,-22.5213,1000,12,1,1458825828,1736577609,0
GSM,649,1,115,13831,0,17.0755,-22.5211,1728,10,1,1458825828,1736577684,0
GSM,649,1,115,14112,0,17.0757,-22.5238,1019,7,1,1458825828,1736577681,0
GSM,649,1,115,10043,0,17.0761,-22.5165,5299,21,1,1458825828,1736577609,0
GSM,649,1,103,15983,0,16.8898,-21.9695,2810,5,1,1433560507,1720070567,0
GSM,649,1,106,20451,0,19.7554,-17.9321,1196,2,1,1454984333,1691800648,0
GSM,649,1,106,12222,0,20.5318,-18.0069,6223,3,1,1458825822,1690262649,0
GSM,649,1,107,12791,0,16.135,-17.9723,6570,9,1,1458825823,1727065933,0
GSM,649,1,107,12070,0,16.5649,-18.3494,16264,10,1,1458825823,1735108161,0
GSM,649,1,106,16430,0,20.2052,-17.932,8747,2,1,1431447152,1690264443,0
GSM,649,1,107,13112,0,16.2677,-18.0946,3531,7,1,1458825823,1735108155,0
GSM,649,1,108,12512,0,16.0053,-17.9252,2207,9,1,1458825823,1735108146,0
GSM,649,1,108,12062,0,15.9075,-17.4828,1886,4,1,1458825823,1725601453,0
GSM,649,1,108,13722,0,15.8918,-17.3952,3350,16,1,1437400493,1726290212,0
GSM,649,1,107,20333,0,16.2477,-18.0777,1000,4,1,1458825823,1727065935,0
GSM,649,1,107,19122,0,16.394,-18.2015,4997,6,1,1458825823,1727065937,0
GSM,649,1,108,12772,0,15.9601,-17.888,2643,4,1,1458825823,1712032487,0
GSM,649,1,108,19722,0,15.9999,-17.9228,1000,5,1,1458825824,1735108146,0
GSM,649,1,108,19962,0,16.0176,-17.9315,1000,5,1,1458825824,1725601431,0
GSM,649,1,108,19972,0,15.8888,-17.4478,1000,3,1,1458825824,1693214625,0
GSM,649,1,112,12110,0,17.6513,-19.2223,19021,14,1,1458825826,1725601357,0
GSM,649,1,112,12032,0,17.7396,-19.7168,6773,4,1,1443795019,1693747183,0
GSM,649,1,112,12103,0,17.1587,-18.6315,7641,12,1,1458825826,1735108175,0
GSM,649,1,112,12031,0,17.7732,-19.7728,13538,3,1,1443795030,1693747183,0
GSM,649,1,112,15751,0,17.7237,-19.2449,8360,4,1,1458825826,1716698112,0
GSM,649,1,112,13521,0,18.6793,-19.0475,11526,3,1,1431447152,1691808015,0
GSM,649,1,112,15743,0,17.6645,-19.234,4100,10,1,1458825826,1716698068,0
GSM,649,1,113,11173,0,17.0724,-22.6233,1130,5,1,1456706102,1706679538,0
GSM,649,1,112,15742,0,17.7528,-19.2647,5009,7,1,1458825826,1716007170,0
GSM,649,1,113,11051,0,17.0638,-22.5741,1158,5,1,1458825826,1700804341,0
GSM,649,1,112,13960,0,17.3765,-19.6278,22459,6,1,1458825826,1693742628,0
GSM,649,1,112,16171,0,18.0474,-19.6096,21646,9,1,1443795016,1735108207,0
GSM,649,1,113,10631,0,17.0716,-22.5753,1764,12,1,1458825826,1726548427,0
GSM,649,1,113,17242,0,17.0845,-22.6082,1000,3,1,1450894797,1726548424,0
GSM,649,1,113,11193,0,17.0835,-22.6128,1440,10,1,1458825827,1726548420,0
GSM,649,1,113,17243,0,17.0703,-22.6175,1154,3,1,1457934409,1706679550,0
GSM,649,1,113,17721,0,17.0608,-22.5745,1045,5,1,1458825827,1700804341,0
GSM,649,1,113,14102,0,17.0797,-22.591,1000,6,1,1458825827,1706679581,0
GSM,649,1,113,16073,0,17.0791,-22.606,1000,4,1,1458825827,1726548417,0
GSM,649,1,113,14023,0,17.0812,-22.6188,1000,10,1,1458825827,1702445717,0
GSM,649,1,113,14101,0,17.0742,-22.5822,2578,8,1,1458825827,1706765720,0
GSM,649,1,113,11192,0,17.0937,-22.6132,1131,6,1,1458825827,1726548413,0
GSM,649,1,113,11201,0,17.0853,-22.5774,1000,6,1,1458825827,1726548401,0
GSM,649,1,115,15383,0,17.073,-22.4389,6516,9,1,1458825828,1730548156,0
GSM,649,1,115,10091,0,17.0552,-22.3577,5122,8,1,1458825828,1720070558,0
GSM,649,1,115,10303,0,17.0687,-22.5368,1000,16,1,1458825828,1703309825,0
GSM,649,1,115,14172,0,17.0852,-22.5518,1631,9,1,1458825828,1730548358,0
GSM,649,1,113,14031,0,17.079,-22.5793,1000,7,1,1458825827,1706765597,0
GSM,649,1,115,10302,0,17.0771,-22.5269,1424,12,1,1458825828,1736491403,0
GSM,649,1,115,10042,0,17.0905,-22.5536,2890,30,1,1458825828,1726548394,0
GSM,649,1,115,13822,0,17.0922,-22.5547,1000,12,1,1458825828,1736577786,0
GSM,649,1,115,10093,0,17.062,-22.3871,1906,5,1,1458825828,1703309830,0
GSM,649,1,115,18751,0,17.0749,-22.5343,1672,7,1,1458825829,1736577662,0
GSM,649,1,116,18313,0,18.9712,-22.4499,1000,3,1,1432101535,1730183888,0
GSM,649,1,116,10983,0,18.9348,-22.4329,5392,10,1,1431920647,1736577828,0
GSM,649,1,116,18311,0,18.9638,-22.4423,3956,12,1,1432101535,1735022363,0
GSM,649,1,116,14703,0,17.4527,-22.4576,21661,10,1,1458825829,1734933576,0
GSM,649,1,123,13612,0,24.0208,-17.6954,9016,3,1,1431326564,1691637700,0
GSM,649,1,122,18922,0,15.936,-17.6526,1675,5,1,1458825832,1716611942,0
GSM,649,1,122,18921,0,15.9214,-17.6305,2044,4,1,1458825832,1716611942,0
GSM,649,1,115,11901,0,17.0624,-22.543,1169,15,1,1458825828,1703309893,0
GSM,649,1,115,11111,0,17.0794,-22.5482,1726,10,1,1458825828,1703309820,0
GSM,649,1,115,10602,0,17.0684,-22.5413,1000,11,1,1458825828,1703309820,0
GSM,649,1,116,13920,0,20,-22.2825,10002,26,1,1458825829,1736662749,0
GSM,649,1,116,10163,0,18.9444,-22.4322,8774,23,1,1435151124,1736577825,0
GSM,649,1,116,19842,0,18.9719,-22.4372,9920,12,1,1432101535,1734933548,0
GSM,649,1,115,15803,0,17.0768,-22.5203,1000,10,1,1458825828,1736577609,0
GSM,649,1,116,15391,0,18.927,-22.4227,8332,21,1,1435151177,1736577825,0
GSM,649,1,122,13371,0,15.9732,-17.7514,3406,5,1,1458825832,1735108139,0
GSM,649,1,122,20063,0,15.9728,-17.807,5087,4,1,1445300832,1727065927,0
GSM,649,3,20112,13001,0,16.9041,-21.9672,3205,3,1,1444385306,1703309925,0
GSM,649,1,115,14310,0,17.0909,-22.5508,1000,3,1,1458825828,1720070718,0
GSM,649,1,115,17271,0,17.0767,-22.548,1000,16,1,1458825828,1730183963,0
GSM,649,1,115,15840,0,17.078,-22.5423,1361,3,1,1458825828,1703309825,0
GSM,649,1,116,13882,0,18.6148,-22.3913,12390,23,1,1456557232,1736577817,0
GSM,649,1,116,18312,0,18.9777,-22.4493,1000,12,1,1432101535,1736491331,0
GSM,649,1,122,13372,0,15.9718,-17.7733,2935,4,1,1437400588,1716611946,0
GSM,649,1,122,16593,0,15.9669,-17.7522,4289,6,1,1458825832,1735108139,0
GSM,649,1,122,20193,0,15.9089,-17.5561,2210,4,1,1444127513,1716611937,0
GSM,649,1,123,12240,0,24.1731,-17.6387,5669,4,1,1458825832,1691636841,0
GSM,649,3,20114,14151,0,17.0459,-18.7348,18380,8,1,1458825834,1700286005,0
GSM,649,3,20114,13171,0,17.3435,-19.6531,5867,7,1,1453122102,1703396268,0
GSM,649,3,20115,14091,0,15.9891,-17.9061,5450,5,1,1445420764,1700286046,0
GSM,649,1,115,17272,0,17.0824,-22.5538,1120,16,1,1458825828,1730183963,0
GSM,649,1,116,14702,0,17.5885,-22.443,18544,13,1,1458825829,1736577799,0
GSM,649,1,122,13373,0,15.9714,-17.8153,2828,5,1,1458825832,1712637403,0
GSM,649,1,122,20061,0,15.968,-17.7589,4020,5,1,1437400588,1735108139,0
GSM,649,1,123,13641,0,23.8031,-17.8027,8477,4,1,1458825832,1691638604,0
GSM,649,1,115,18461,0,17.0703,-22.4241,8114,5,1,1458825828,1730548156,0
GSM,649,1,115,19582,0,17.0778,-22.5193,1000,9,1,1446396595,1736577609,0
GSM,649,1,116,10991,0,19.9753,-22.2867,22092,25,1,1458825829,1736662749,0
GSM,649,1,116,15401,0,17.697,-22.4045,9152,18,1,1432110368,1736577799,0
GSM,649,1,115,19583,0,17.0774,-22.519,1000,8,1,1446396595,1736577696,0
GSM,649,1,116,14431,0,19.4708,-22.3368,25232,25,1,1451978786,1736577837,0
GSM,649,1,116,10990,0,19.9512,-22.2891,27688,25,1,1458825829,1736662749,0
GSM,649,1,116,10142,0,18.4605,-22.4025,20409,23,1,1458825829,1736577814,0
GSM,649,1,116,19843,0,18.9446,-22.4303,7226,16,1,1435151177,1735191467,0
GSM,649,1,122,12153,0,15.9062,-17.646,6679,5,1,1458825832,1735108136,0
GSM,649,1,123,13611,0,23.8752,-17.7495,19556,5,1,1458825832,1691637700,0
GSM,649,1,122,20201,0,15.9565,-17.6965,1000,2,1,1437400591,1725601441,0
GSM,649,1,123,13603,0,23.5509,-17.8429,19271,3,1,1440912351,1691638604,0
GSM,649,3,20115,18002,0,15.9537,-17.8784,5064,3,1,1445420764,1700286049,0
GSM,649,3,20114,13123,0,17.3399,-19.6513,5762,7,1,1453184394,1703396268,0
GSM,649,3,20115,17011,0,15.9064,-17.5603,3030,2,1,1433723645,1700286060,0
GSM,649,1,116,10140,0,18.516,-22.3977,13000,23,1,1446628967,1736577811,0
GSM,649,1,116,10992,0,19.8641,-22.3037,18971,26,1,1458825829,1736577841,0
GSM,649,1,116,15392,0,18.8708,-22.4199,17429,18,1,1435151177,1736577825,0
GSM,649,1,122,16583,0,15.9093,-17.5668,5045,5,1,1437400591,1716611937,0
GSM,649,1,123,19613,0,24.2845,-17.4885,1000,2,1,1429514871,1691634041,0
GSM,649,1,122,20203,0,15.9628,-17.7335,4525,5,1,1437400588,1735108139,0
GSM,649,1,123,13613,0,23.7723,-17.8877,10798,4,1,1458825832,1691638604,0
GSM,649,1,123,13602,0,23.5739,-17.8536,15915,3,1,1431326564,1691639500,0
GSM,649,3,20115,14073,0,15.9903,-17.9026,8516,5,1,1445420764,1700286049,0
GSM,649,3,20115,17002,0,15.9895,-17.8305,5169,2,1,1432102695,1690848458,0
GSM,649,1,112,13132,0,16.7795,-18.4587,18945,7,1,1459311924,1735108164,0
GSM,649,1,112,12811,0,16.9054,-18.4766,14919,9,1,1459148999,1735108170,0
GSM,649,1,102,19991,0,17.3558,-19.6396,1911,3,1,1462165645,1693744425,0
GSM,649,1,102,19993,0,17.3312,-19.6626,2752,4,1,1462165645,1693744425,0
GSM,649,1,102,19992,0,17.33,-19.6722,5395,6,1,1462165645,1693745387,0
GSM,649,3,20112,18602,0,18.9762,-22.4544,1000,5,1,1462460830,1693774423,0
GSM,649,3,20112,18601,0,18.991,-22.4442,3358,10,1,1462460829,1712119142,0
GSM,649,3,20112,18542,0,19.0018,-22.4443,8250,12,1,1462460829,1712119142,0
GSM,649,3,20112,18543,0,19.0016,-22.4376,4137,11,1,1462460829,1712119142,0
GSM,649,3,20112,18531,0,19.0009,-22.4455,8230,8,1,1462622714,1712119140,0
GSM,649,3,20112,18603,0,18.9555,-22.4405,5407,7,1,1462622714,1712119140,0
GSM,649,1,112,18131,0,17.7106,-19.2512,1000,2,1,1463335885,1716007174,0
GSM,649,1,112,18132,0,17.7112,-19.2528,1000,4,1,1463357309,1716007161,0
GSM,649,1,100,15760,0,17.0911,-22.572,1000,4,1,1463585062,1706765824,0
GSM,649,3,20111,10082,0,17.3733,-22.4582,10762,4,1,1463611871,1712119106,0
GSM,649,3,20111,10081,0,17.3623,-22.4817,11400,3,1,1463580352,1712119106,0
GSM,649,1,108,12082,0,15.898,-17.398,10694,19,1,1466709069,1726290077,0
GSM,649,3,20115,17021,0,15.9227,-17.4339,6073,8,1,1466709069,1700976918,0
GSM,649,3,20115,17183,0,15.9508,-17.4818,7189,6,1,1466709069,1700286065,0
GSM,649,3,20115,17072,0,15.9417,-17.4924,6247,3,1,1466709069,1700286060,0
GSM,649,3,20115,17022,0,15.9239,-17.4758,6099,9,1,1466709069,1700372120,0
GSM,649,3,20115,17023,0,15.894,-17.4546,8023,5,1,1466709511,1700372120,0
GSM,649,3,20115,17071,0,15.9088,-17.4887,4254,3,1,1466709511,1700286099,0
GSM,649,3,20115,17132,0,15.904,-17.4251,11261,8,1,1466814471,1700976930,0
GSM,649,1,115,15382,0,17.0749,-22.4418,4003,5,1,1467814515,1730548156,0
GSM,649,1,115,17481,0,17.0643,-22.3912,8875,9,1,1467835796,1720070558,0
GSM,649,1,115,17483,0,17.0785,-22.4699,2100,9,1,1467814515,1730548156,0
GSM,649,1,115,10092,0,17.0689,-22.4054,1000,4,1,1467835795,1703309830,0
GSM,649,1,115,17484,0,17.0784,-22.4675,1734,8,1,1467814515,1730548156,0
GSM,649,3,20114,13332,0,17.3349,-19.6654,4278,4,1,1468815211,1703396268,0
GSM,649,3,20112,13022,0,16.4923,-21.9089,11183,2,1,1468984228,1703309949,0
GSM,649,1,108,13061,0,15.9877,-17.9047,4945,7,1,1470050593,1735108143,0
GSM,649,1,108,13052,0,15.9909,-17.9103,1116,4,1,1470050593,1725601434,0
GSM,649,1,108,20041,0,15.9876,-17.9063,1000,4,1,1470050593,1727065928,0
GSM,649,1,107,12593,0,16.3521,-18.2262,10836,12,1,1470273351,1727065937,0
GSM,649,1,107,15361,0,16.4023,-18.2654,17311,9,1,1470418789,1725601409,0
GSM,649,1,108,12303,0,15.8861,-17.4061,3077,9,1,1470904002,1734763753,0
GSM,649,1,108,19723,0,15.993,-17.9182,1000,3,1,1470989154,1735108146,0
GSM,649,1,107,19123,0,16.3706,-18.1949,4993,6,1,1470989153,1725601413,0
GSM,649,3,20115,14063,0,16.0669,-17.9527,11711,6,1,1470966266,1700286046,0
GSM,649,1,108,12513,0,15.9945,-17.9195,1000,4,1,1470989154,1712637408,0
GSM,649,1,107,20473,0,16.1443,-17.9942,1285,6,1,1470989154,1727065933,0
GSM,649,1,107,19121,0,16.3545,-18.1718,4346,5,1,1470989153,1727065935,0
GSM,649,1,108,18902,0,15.9889,-17.9121,1000,2,1,1470966291,1727065928,0
GSM,649,1,107,20472,0,16.156,-18.0019,3570,7,1,1470989154,1727065933,0
GSM,649,3,20115,14052,0,16.3254,-18.1697,7887,4,1,1471089181,1700286038,0
GSM,649,1,102,12090,0,17.3379,-19.6666,5663,5,1,1471476098,1693745387,0
GSM,649,1,107,16571,0,16.5778,-18.3577,1574,4,1,1471490047,1725601405,0
GSM,649,1,115,17482,0,17.0799,-22.4491,2490,18,1,1472857540,1730548172,0
GSM,649,1,122,12151,0,15.9248,-17.636,3437,6,1,1473343423,1735108136,0
GSM,649,1,122,12152,0,15.9313,-17.6468,2074,4,1,1473343423,1716611942,0
GSM,649,3,20112,13043,0,16.8473,-21.4266,15661,3,1,1473696266,1691988933,0
GSM,649,3,20112,13052,0,16.8391,-21.3588,8366,2,1,1473696266,1690518834,0
GSM,649,1,116,19352,0,19.0082,-22.4376,1912,11,1,1473875766,1736577831,0
GSM,649,1,108,17582,0,15.8782,-17.46,3647,10,1,1473984139,1725601453,0
GSM,649,1,116,11962,0,19.027,-22.4298,7518,14,1,1474172856,1736577831,0
GSM,649,3,20114,13112,0,16.8887,-20.1727,14301,3,1,1474845888,1703396254,0
GSM,649,3,20115,17133,0,15.8915,-17.3935,6999,10,1,1475303527,1700976918,0
GSM,649,3,20114,13133,0,18.0856,-19.5676,2263,3,1,1475855724,1703396288,0
GSM,649,1,116,15731,0,19.7283,-22.3134,15015,23,1,1475924726,1736577841,0
GSM,649,1,116,15730,0,19.6718,-22.3191,16722,23,1,1476010067,1736577837,0
GSM,649,3,20114,13131,0,18.0939,-19.5604,2299,4,1,1476194744,1703396288,0
GSM,649,3,20111,10063,0,17.4684,-22.494,4213,7,1,1478775210,1712119109,0
GSM,649,3,20112,10282,0,17.6083,-22.4355,16380,8,1,1478775210,1712119113,0
GSM,649,3,20111,10062,0,17.486,-22.4911,2410,6,1,1478775210,1712119109,0
GSM,649,3,20115,14111,0,17.1717,-18.7112,12096,3,1,1479201771,1700285996,0
GSM,649,1,108,17581,0,15.8829,-17.4126,5215,6,1,1482601743,1726290323,0
GSM,649,1,123,12241,0,24.1985,-17.6219,3484,3,1,1485489468,1691636841,0
GSM,649,1,112,19622,0,18.1069,-19.5771,6675,9,1,1486289837,1725601299,0
GSM,649,3,20114,13132,0,18.0962,-19.5632,2027,2,1,1486546435,1703396288,0
GSM,649,1,108,18792,0,15.8989,-17.3897,2443,5,1,1490617836,1716266172,0
GSM,649,1,108,12302,0,15.8933,-17.398,3154,14,1,1490617836,1726032226,0
GSM,649,1,108,19632,0,15.8942,-17.3872,3088,19,1,1490617836,1726290077,0
GSM,649,1,108,16513,0,15.8931,-17.3843,4303,18,1,1490617836,1734763756,0
GSM,649,3,20112,13042,0,16.8829,-21.6947,1631,2,1,1492352979,1690519734,0
GSM,649,1,116,11783,0,19.0421,-22.0807,17491,9,1,1492453800,1735191463,0
GSM,649,1,116,11961,-1,19.0304,-22.4101,19215,16,1,1493897716,1736491327,0
GSM,649,1,116,11782,-1,19.0429,-22.1224,12838,8,1,1494227209,1735191463,0
GSM,649,1,116,10162,-1,19.0055,-22.429,9440,24,1,1494247186,1736491327,0
GSM,649,3,20112,13051,-1,16.8208,-21.1036,9158,3,1,1554974465,1691986689,0
GSM,649,3,20112,18581,-1,19.9963,-22.2831,5494,14,1,1678645766,1711948984,0
GSM,649,3,20112,18123,-1,20.005,-22.2807,2825,15,1,1678645766,1711948984,0
GSM,649,3,20112,18122,-1,20.005,-22.2807,2825,15,1,1678645766,1711948984,0
GSM,649,3,20112,18121,-1,20.0033,-22.2806,2907,8,1,1678645766,1703482379,0
GSM,649,1,116,15732,-1,19.5925,-22.3285,23414,24,1,1678719664,1736577837,0
GSM,649,1,116,14430,-1,19.3755,-22.341,16045,25,1,1678720581,1736577835,0
GSM,649,1,116,14432,-1,19.4089,-22.3403,20536,24,1,1678720581,1736577837,0
GSM,649,1,116,15321,-1,19.2706,-22.3528,9826,22,1,1678721498,1736577835,0
GSM,649,1,116,15320,-1,19.2641,-22.3547,23708,26,1,1678721498,1736577833,0
GSM,649,1,116,15322,-1,19.1757,-22.377,9600,22,1,1678722438,1736577833,0
GSM,649,1,116,15633,-1,19.0036,-22.4384,5852,15,1,1678723254,1736577825,0
GSM,649,1,116,15390,-1,18.926,-22.4224,8406,20,1,1678724182,1736577825,0
GSM,649,1,116,13881,-1,18.7492,-22.4046,6440,16,1,1678725099,1736491339,0
GSM,649,1,116,10141,-1,18.5354,-22.3965,11007,22,1,1678725962,1736577814,0
GSM,649,1,116,19800,-1,18.5019,-22.3959,16973,20,1,1678725962,1736577814,0
GSM,649,1,116,15531,-1,18.3693,-22.3741,19630,20,1,1678727803,1736577809,0
GSM,649,1,116,15530,-1,18.2231,-22.3593,19677,20,1,1678727803,1736577805,0
GSM,649,1,116,10871,-1,17.9877,-22.3736,26525,18,1,1678729585,1736577805,0
GSM,649,3,20111,10083,-1,17.2558,-22.5491,3451,6,1,1678734113,1712032460,0
GSM,649,1,100,2553,-1,17.1096,-22.5744,1168,8,1,1678735127,1732781402,0
GSM,649,1,113,3672,-1,17.0775,-22.6156,1000,4,1,1678754840,1726548417,0
GSM,649,1,113,17841,-1,17.0826,-22.6121,1000,2,1,1678751198,1706679535,0
GSM,649,1,113,11351,-1,17.0852,-22.6125,1365,3,1,1678744892,1726548417,0
GSM,649,1,103,1691,-1,17.2349,-22.5523,2556,9,1,1678756629,1736491384,0
GSM,649,1,103,17621,-1,17.2423,-22.5514,6845,10,1,1678756629,1736491384,0
GSM,649,1,116,10161,-1,18.9369,-22.4199,8181,18,1,1678765609,1736577825,0
GSM,649,1,116,1331,-1,18.9647,-22.442,6495,16,1,1678767437,1736491331,0
GSM,649,1,116,10982,-1,18.993,-22.4439,3617,19,1,1678767437,1736577831,0
GSM,649,1,116,1333,-1,18.9623,-22.4405,2904,6,1,1678766519,1735022363,0
GSM,649,1,116,19356,-1,18.9792,-22.4473,2419,9,1,1678767437,1734933550,0
GSM,649,1,116,15631,-1,19.0628,-22.4102,9485,22,1,1678768413,1736577831,0
GSM,649,1,116,15632,-1,19.0481,-22.4204,5274,17,1,1678768413,1736577831,0
GSM,649,1,116,19351,-1,19.0137,-22.4357,1000,4,1,1678768413,1730183880,0
GSM,649,3,20114,13121,-1,17.351,-19.6481,4478,5,1,1684744852,1703396271,0
GSM,649,3,20114,13122,-1,17.3432,-19.6552,5690,6,1,1684744852,1703396268,0
GSM,649,3,20114,13333,-1,17.5763,-19.4707,1000,2,1,1684745752,1693191754,0
GSM,649,3,20114,13161,-1,17.3653,-19.6452,1669,2,1,1684744852,1703396264,0
GSM,649,3,20114,13331,-1,17.5809,-19.464,1782,3,1,1684745752,1693191754,0
GSM,649,3,20114,19482,-1,17.7095,-19.2656,1001,3,1,1684746659,1700285975,0
GSM,649,3,20114,14002,-1,17.7095,-19.2656,1001,3,1,1684746659,1700285973,0
GSM,649,3,20114,14003,-1,17.657,-19.236,7444,4,1,1684746659,1700285975,0
GSM,649,3,20114,14203,-1,17.7095,-19.2656,1001,3,1,1684746659,1700285975,0
GSM,649,3,20114,14202,-1,17.7095,-19.2656,1001,3,1,1684746659,1700285975,0
GSM,649,3,20114,14013,-1,17.5252,-19.1235,5937,4,1,1684747572,1700285979,0
GSM,649,1,112,3383,-1,17.2931,-18.8165,9431,6,1,1684891378,1727065954,0
GSM,649,1,103,16605,-1,16.9385,-22.0542,2598,2,1,1684915180,1703309845,0
GSM,649,1,103,2681,-1,16.9385,-22.0542,2598,2,1,1684915180,1703309879,0
GSM,649,1,115,1291,-1,17.0769,-22.5216,1000,4,1,1684916980,1736577618,0
GSM,649,3,20111,60094,-1,17.2027,-22.5607,2154,3,1,1689474483,1712119102,0
GSM,649,3,20111,60091,-1,17.2103,-22.5577,1318,2,1,1689474483,1703309882,0
GSM,649,3,20111,60093,-1,17.2027,-22.5607,2154,3,1,1689474483,1712119102,0
GSM,649,3,20112,18501,-1,18.3573,-22.3775,15768,4,1,1689481003,1712119126,0
GSM,649,3,20112,18511,-1,18.5414,-22.4031,11232,3,1,1689481003,1712119132,0
GSM,649,3,20112,18532,-1,18.9539,-22.4366,1550,2,1,1689482802,1712119137,0
GSM,649,1,123,17982,-1,24.2953,-17.4897,1000,2,1,1690167206,1691634041,0
GSM,649,1,123,4272,-1,23.5015,-17.873,1867,2,1,1690172900,1691639500,0
GSM,649,1,123,4271,-1,23.5015,-17.873,1867,2,1,1690172900,1691639500,0
GSM,649,1,106,12235,-1,21.5284,-18.1066,3076,2,1,1690184056,1690257322,0
GSM,649,1,106,3863,-1,21.5725,-18.112,1831,2,1,1690184999,1690256391,0
GSM,649,1,106,3861,-1,21.5725,-18.112,1831,2,1,1690184999,1690256391,0
GSM,649,1,106,12234,-1,21.4994,-18.1039,1000,1,1,1690257322,1690257322,0
GSM,649,1,106,3133,-1,21.2488,-18.0032,1000,1,1,1690258280,1690258280,0
GSM,649,1,106,3041,-1,20.6021,-18.0116,13352,2,1,1690262649,1691725735,0
GSM,649,1,106,3043,-1,20.7337,-18.0452,1057,2,1,1690260057,1691725735,0
GSM,649,1,106,3042,-1,20.7434,-18.0471,1000,1,1,1690260057,1690260057,0
GSM,649,1,106,16505,-1,20.3747,-17.9415,1000,1,1,1690263528,1690263528,0
GSM,649,1,106,3201,-1,20.4803,-17.98,1000,1,1,1690262649,1690262649,0
GSM,649,1,106,4013,-1,20.3736,-17.9413,1000,2,1,1690263528,1691728903,0
GSM,649,1,106,2022,-1,19.8634,-17.929,1000,1,1,1690265343,1690265343,0
GSM,649,1,106,1800,-1,19.8634,-17.929,1000,1,1,1690265343,1690265343,0
GSM,649,1,106,3533,-1,19.9039,-17.9322,4301,2,1,1690265343,1691730701,0
GSM,649,1,106,3931,-1,19.8634,-17.929,1000,1,1,1690265343,1690265343,0
GSM,649,1,106,13566,-1,19.9039,-17.9322,4301,2,1,1690265343,1691730701,0
GSM,649,1,106,15902,-1,19.7195,-17.9242,1000,2,1,1690267171,1691733418,0
GSM,649,1,106,20453,-1,19.7333,-17.9344,2292,3,1,1690267171,1691800648,0
GSM,649,1,106,17916,-1,19.7306,-17.9253,1542,2,1,1690267171,1691800648,0
GSM,649,1,106,1111,-1,19.6768,-17.8821,1000,3,1,1690269014,1691798789,0
GSM,649,1,106,1115,-1,19.6775,-17.8782,1000,1,1,1690269014,1690269014,0
GSM,649,1,106,2583,-1,19.6762,-17.8849,1000,1,1,1690330512,1690330512,0
GSM,649,1,106,3933,-1,19.6762,-17.8849,1000,1,1,1690330512,1690330512,0
GSM,649,1,106,20452,-1,19.7389,-17.9528,1000,1,1,1690331420,1690331420,0
GSM,649,1,106,13551,-1,19.4769,-18.203,2283,2,1,1690333427,1691802421,0
GSM,649,1,106,13553,-1,19.3997,-18.2873,10134,2,1,1690333427,1691803331,0
GSM,649,1,106,12342,-1,18.901,-18.8215,2672,2,1,1690337827,1691807094,0
GSM,649,1,106,12343,-1,18.901,-18.8215,2672,2,1,1690337827,1691807094,0
GSM,649,1,106,12341,-1,18.901,-18.8215,2672,2,1,1690337827,1691807094,0
GSM,649,1,112,1912,-1,17.9632,-19.4336,8356,4,1,1690350247,1727065966,0
GSM,649,1,112,3961,-1,17.6727,-19.2361,6474,6,1,1690352039,1727065962,0
GSM,649,3,20114,14223,-1,17.6237,-19.1176,1909,2,1,1690504113,1691972768,0
GSM,649,3,20114,14221,-1,17.6237,-19.1176,1909,2,1,1690504113,1691972768,0
GSM,649,3,20114,13162,-1,17.0472,-20.0008,12342,3,1,1690510053,1703396257,0
GSM,649,3,20114,13101,-1,16.8676,-20.1997,10581,2,1,1690510952,1691981430,0
GSM,649,3,20114,13102,-1,16.8381,-20.2426,16872,3,1,1690511852,1703396254,0
GSM,649,3,20114,13111,-1,16.9902,-20.0621,12693,3,1,1690510952,1703396261,0
GSM,649,3,20114,13091,-1,16.8381,-20.2426,16872,3,1,1690511852,1703396254,0
GSM,649,3,20114,13093,-1,16.774,-20.3319,1000,1,1,1690511852,1690511852,0
GSM,649,3,20114,13092,-1,16.7969,-20.2962,4633,3,1,1690511852,1703396254,0
GSM,649,3,20112,13381,-1,16.7596,-20.6339,1000,2,1,1690515093,1691984846,0
GSM,649,3,20112,13382,-1,16.7616,-20.6419,1000,1,1,1690515093,1690515093,0
GSM,649,3,20114,13062,-1,16.8238,-21.1447,1796,2,1,1690516970,1691986689,0
GSM,649,3,20111,61152,-1,16.905,-21.9613,2579,2,1,1690520672,1703309925,0
GSM,649,3,20111,60351,-1,17.0709,-22.4187,2526,3,1,1690528203,1703309917,0
GSM,649,3,20111,60352,-1,17.0709,-22.4187,2526,3,1,1690528203,1703309917,0
GSM,649,3,20111,60611,-1,17.0709,-22.4187,2526,3,1,1690528203,1703309917,0
GSM,649,3,20111,60613,-1,17.0709,-22.4187,2526,3,1,1690528203,1703309913,0
GSM,649,3,20111,60353,-1,17.0709,-22.4187,2526,3,1,1690528203,1703309917,0
GSM,649,3,20112,60313,-1,17.0576,-22.3725,12476,3,1,1690528203,1703309917,0
GSM,649,3,20111,60362,-1,17.0996,-22.5652,1000,2,1,1690529103,1712032466,0
GSM,649,3,20111,60363,-1,17.0963,-22.5583,1000,1,1,1690529103,1690529103,0
GSM,649,3,20111,60111,-1,17.098,-22.5611,1000,2,1,1690529103,1703309887,0
GSM,649,3,20111,60361,-1,17.0849,-22.5481,1634,2,1,1690529103,1703309892,0
GSM,649,3,20111,60103,-1,17.1101,-22.5764,1751,6,1,1690529977,1712119099,0
GSM,649,3,20111,60113,-1,17.0988,-22.5666,1242,3,1,1690529103,1712032466,0
GSM,649,3,20111,60632,-1,17.105,-22.5722,1077,4,1,1690529977,1712032466,0
GSM,649,3,20111,60631,-1,17.1057,-22.5723,1123,3,1,1690529977,1703309887,0
GSM,649,3,20111,60101,-1,17.1101,-22.5764,1751,6,1,1690529977,1712119098,0
GSM,649,3,20111,60102,-1,17.1031,-22.5775,2794,5,1,1690529977,1712118987,0
GSM,649,1,116,2850,-1,19.9518,-22.2913,11386,16,1,1690739774,1736662749,0
GSM,649,1,116,11781,-1,19.0674,-22.0195,8331,10,1,1690790023,1735191461,0
GSM,649,1,116,11853,-1,19.049,-21.7113,9115,9,1,1690791338,1735191456,0
GSM,649,1,116,11851,-1,19.0395,-21.6019,11847,10,1,1690791876,1735191454,0
GSM,649,1,116,3051,-1,18.9771,-21.4893,11438,10,1,1690792739,1735191454,0
GSM,649,1,116,3050,-1,18.9627,-21.4715,12082,10,1,1690792739,1735191452,0
GSM,649,1,116,14263,-1,18.7748,-21.1731,9368,12,1,1690795497,1735191447,0
GSM,649,1,116,14266,-1,18.7744,-21.1739,9299,11,1,1690795497,1735191447,0
GSM,649,1,116,16161,-1,18.7434,-21.1584,27042,11,1,1690795497,1735191444,0
GSM,649,1,116,14262,-1,18.7844,-21.1794,8422,11,1,1690795497,1735191447,0
GSM,649,1,116,14265,-1,18.7807,-21.1822,8219,9,1,1690795497,1735191447,0
GSM,649,1,116,14261,-1,18.7684,-21.1426,2420,7,1,1690795497,1735191447,0
GSM,649,1,116,2982,-1,18.6116,-21.0698,15783,9,1,1690796415,1735191444,0
GSM,649,1,116,2981,-1,18.5328,-21.0287,9597,9,1,1690797356,1735191440,0
GSM,649,1,116,2983,-1,18.5427,-21.0349,9520,10,1,1690797356,1735191440,0
GSM,649,1,102,15052,-1,18.2157,-20.6827,6992,5,1,1690800047,1735191429,0
GSM,649,1,112,4135,-1,18.108,-19.6029,1759,5,1,1690805540,1735108209,0
GSM,649,1,112,12272,-1,18.1076,-19.6059,7371,8,1,1690805540,1735108209,0
GSM,649,1,112,4132,-1,18.1085,-19.6177,6061,7,1,1690805540,1735108209,0
GSM,649,1,112,4133,-1,18.0812,-19.5975,7831,6,1,1690806441,1725601304,0
GSM,649,1,112,4136,-1,18.0543,-19.5995,5723,3,1,1690806441,1693748989,0
GSM,649,1,112,17903,-1,18.0932,-19.6174,7841,6,1,1690806441,1735108209,0
GSM,649,1,112,16191,-1,17.8743,-19.7284,1000,1,1,1690807315,1690807315,0
GSM,649,1,112,13901,-1,17.8743,-19.7284,1000,1,1,1690807315,1690807315,0
GSM,649,1,112,15031,-1,17.8743,-19.7284,1000,1,1,1690807315,1690807315,0
GSM,649,1,112,13900,-1,17.8743,-19.7284,1000,1,1,1690807315,1690807315,0
GSM,649,1,112,3310,-1,17.8743,-19.7284,1000,1,1,1690807315,1690807315,0
GSM,649,3,20114,19481,-1,17.7124,-19.265,1000,2,1,1690814971,1700285975,0
GSM,649,3,20114,19483,-1,17.6658,-19.2347,1000,2,1,1690815490,1693193549,0
GSM,649,3,20115,14021,-1,16.5931,-18.3702,4178,3,1,1690842930,1700286029,0
GSM,649,3,20115,14022,-1,16.5619,-18.3441,4870,3,1,1690842930,1700286029,0
GSM,649,3,20115,14023,-1,16.5652,-18.3472,5353,4,1,1690842930,1700286029,0
GSM,649,3,20115,14032,-1,16.4341,-18.2355,6574,5,1,1690843875,1700286035,0
GSM,649,3,20115,14043,-1,16.3434,-18.1587,6259,4,1,1690844750,1700286038,0
GSM,649,3,20115,14053,-1,16.2124,-18.0479,7374,4,1,1690845646,1700286038,0
GSM,649,3,20115,14072,-1,16.0508,-17.947,3148,5,1,1690846581,1700286046,0
GSM,649,3,20115,14093,-1,15.9817,-17.8955,2499,3,1,1690848458,1700286049,0
GSM,649,3,20115,14092,-1,16.0075,-17.9126,5327,4,1,1690848458,1700286042,0
GSM,649,3,20115,18053,-1,15.9817,-17.8955,2499,3,1,1690848458,1700286049,0
GSM,649,3,20115,17131,-1,15.8943,-17.3873,1000,6,1,1690874445,1700976918,0
GSM,649,3,20111,61442,-1,17.1214,-22.5817,1000,2,1,1690940280,1712119098,0
GSM,649,3,20111,61441,-1,17.1214,-22.5817,1000,2,1,1690940280,1712119098,0
GSM,649,3,20111,61443,-1,17.1214,-22.5817,1000,2,1,1690940280,1712119098,0
GSM,649,3,20111,60112,-1,17.1102,-22.5762,1744,5,1,1690940280,1712119098,0
GSM,649,3,20112,10281,-1,17.6895,-22.4077,9242,6,1,1690942996,1712119113,0
GSM,649,3,20111,10072,-1,17.7083,-22.4012,6357,5,1,1690942996,1712119116,0
GSM,649,1,116,10981,-1,18.9523,-22.4365,5433,17,1,1690948547,1736577825,0
GSM,649,1,123,2061,-1,24.288,-17.4887,1000,1,1,1691634041,1691634041,0
GSM,649,1,123,3023,-1,24.288,-17.4887,1000,1,1,1691634041,1691634041,0
GSM,649,1,123,3121,-1,24.177,-17.6424,1000,1,1,1691636841,1691636841,0
GSM,649,1,123,2063,-1,24.177,-17.6424,1000,1,1,1691636841,1691636841,0
GSM,649,3,20116,16201,-1,21.5562,-18.108,1000,1,1,1691722047,1691722047,0
GSM,649,3,20116,16202,-1,21.4531,-18.0931,1000,1,1,1691723010,1691723010,0
GSM,649,1,106,2002,-1,20.969,-18.0364,1000,1,1,1691724790,1691724790,0
GSM,649,1,106,2000,-1,20.969,-18.0364,1000,1,1,1691724790,1691724790,0
GSM,649,1,106,4012,-1,20.3724,-17.9411,1000,1,1,1691728903,1691728903,0
GSM,649,1,106,13565,-1,19.9444,-17.9354,1000,1,1,1691730701,1691730701,0
GSM,649,1,106,13564,-1,19.9444,-17.9354,1000,1,1,1691730701,1691730701,0
GSM,649,1,106,4401,-1,19.7709,-17.9268,1000,1,1,1691732499,1691732499,0
GSM,649,1,106,4403,-1,19.7702,-17.9301,1000,1,1,1691731601,1691731601,0
GSM,649,1,106,2633,-1,19.7702,-17.9301,1000,1,1,1691731601,1691731601,0
GSM,649,1,106,17912,-1,19.7488,-17.9251,1000,1,1,1691799697,1691799697,0
GSM,649,1,106,17911,-1,19.7488,-17.9251,1000,1,1,1691799697,1691799697,0
GSM,649,1,106,1112,-1,19.7709,-17.9268,1000,1,1,1691732499,1691732499,0
GSM,649,1,106,17913,-1,19.7446,-17.9291,1000,1,1,1691800648,1691800648,0
GSM,649,1,106,17915,-1,19.7446,-17.9291,1000,1,1,1691800648,1691800648,0
GSM,649,1,106,17914,-1,19.7488,-17.9251,1000,1,1,1691799697,1691799697,0
GSM,649,1,106,12331,-1,19.6509,-18.0352,1000,1,1,1691801532,1691801532,0
GSM,649,1,106,2920,-1,19.3371,-18.3564,1000,1,1,1691803331,1691803331,0
GSM,649,1,106,13540,-1,19.1476,-18.5619,1000,1,1,1691804394,1691804394,0
GSM,649,1,112,18121,-1,18.1044,-19.5682,1000,5,1,1691813418,1727065971,0
GSM,649,1,112,17904,-1,18.1052,-19.5686,1000,4,1,1691813418,1727065971,0
GSM,649,1,112,1913,-1,17.8319,-19.3181,9956,4,1,1691821594,1735108202,0
GSM,649,1,112,15991,-1,17.6539,-19.2239,1884,4,1,1691822403,1716698109,0
GSM,649,3,20114,13103,-1,16.8083,-20.2783,1000,2,1,1691981430,1703396254,0
GSM,649,3,20112,13083,-1,16.6762,-20.4307,3669,2,1,1691982335,1703396251,0
GSM,649,3,20112,13081,-1,16.6529,-20.4554,1000,1,1,1691982335,1691982335,0
GSM,649,3,20112,13383,-1,16.6762,-20.4307,3669,2,1,1691982335,1703396251,0
GSM,649,3,20112,13551,-1,16.6762,-20.4307,3669,2,1,1691982335,1703396251,0
GSM,649,3,20112,13082,-1,16.6529,-20.4554,1000,1,1,1691982335,1691982335,0
GSM,649,3,20112,17563,-1,16.6529,-20.4554,1000,1,1,1691982335,1691982335,0
GSM,649,3,20112,17453,-1,16.6762,-20.4307,3669,2,1,1691982335,1703396251,0
GSM,649,3,20112,13442,-1,16.8812,-21.8092,1000,1,1,1691989839,1691989839,0
GSM,649,3,20112,13441,-1,16.8812,-21.8092,1000,1,1,1691989839,1691989839,0
GSM,649,3,20111,60612,-1,17.0702,-22.4129,1000,1,1,1691996801,1691996801,0
GSM,649,3,20111,60013,-1,17.0824,-22.5714,1000,1,1,1691997706,1691997706,0
GSM,649,3,20111,61023,-1,17.0792,-22.5744,1000,2,1,1691997706,1712119000,0
GSM,649,3,20111,61022,-1,17.0824,-22.5714,1000,1,1,1691997706,1691997706,0
GSM,649,3,20111,60291,-1,17.0824,-22.5714,1000,1,1,1691997706,1691997706,0
GSM,649,3,20111,60012,-1,17.0824,-22.5714,1000,1,1,1691997706,1691997706,0
GSM,649,3,20111,60011,-1,17.0824,-22.5714,1000,1,1,1691997706,1691997706,0
GSM,649,3,20111,60033,-1,17.0824,-22.5714,1000,1,1,1691997706,1691997706,0
GSM,649,3,20111,60342,-1,17.1044,-22.5768,1000,2,1,1691998609,1712032470,0
GSM,649,1,122,16582,-1,15.9228,-17.6298,4128,3,1,1692761265,1735108136,0
GSM,649,1,122,3343,-1,15.9278,-17.6435,6854,4,1,1692761265,1735108136,0
GSM,649,1,122,20192,-1,15.9107,-17.6122,1000,1,1,1692761265,1692761265,0
GSM,649,1,122,16592,-1,15.9658,-17.7481,2866,3,1,1692762140,1735108139,0
GSM,649,3,20115,14041,-1,16.405,-18.2109,2454,2,1,1692765840,1700286035,0
GSM,649,3,20115,14042,-1,16.405,-18.2109,2454,2,1,1692765840,1700286035,0
GSM,649,1,107,3212,-1,16.9218,-18.4698,1000,1,1,1692768791,1692768791,0
GSM,649,1,112,1723,-1,17.1665,-18.6195,1000,3,1,1692770447,1716612000,0
GSM,649,1,112,3963,-1,17.6866,-19.247,2788,4,1,1692774897,1735108200,0
GSM,649,1,112,3962,-1,17.7422,-19.2742,5334,5,1,1692774897,1727065962,0
GSM,649,1,112,17901,-1,18.101,-19.5663,2175,6,1,1692777666,1727065971,0
GSM,649,1,112,12271,-1,18.1041,-19.568,1000,6,1,1692777666,1727065971,0
GSM,649,3,20114,13461,-1,18.2107,-20.3609,5180,5,1,1692781782,1703396300,0
GSM,649,3,20114,13462,-1,18.2134,-20.3496,2393,4,1,1692781782,1703396300,0
GSM,649,1,102,19860,-1,18.223,-20.951,7521,7,1,1692784936,1735191434,0
GSM,649,1,102,15013,-1,18.2725,-20.9993,5046,7,1,1692784936,1727154793,0
GSM,649,1,102,15012,-1,18.3045,-21.0003,19256,9,1,1692784936,1735191436,0
GSM,649,1,116,14264,-1,18.7741,-21.1436,1098,3,1,1692790605,1725601216,0
GSM,649,1,116,16163,-1,18.7949,-21.2176,8841,9,1,1692791444,1735191449,0
GSM,649,1,116,16162,-1,18.7884,-21.2076,7274,7,1,1692791444,1735191447,0
GSM,649,1,116,3052,-1,18.8975,-21.3896,11406,8,1,1692792369,1735191452,0
GSM,649,1,116,3453,-1,18.9455,-21.4501,7858,2,1,1692792369,1725514817,0
GSM,649,1,116,11786,-1,19.0546,-22.0781,9139,7,1,1692795983,1735191463,0
GSM,649,1,116,1332,-1,19.0027,-22.4313,4213,10,1,1693141810,1736491331,0
GSM,649,1,116,11963,-1,18.983,-22.445,3338,13,1,1693141810,1736491331,0
GSM,649,1,112,4131,-1,18.098,-19.5686,2326,5,1,1693184472,1727065971,0
GSM,649,1,112,4134,-1,18.0918,-19.5718,1605,2,1,1693184472,1725601318,0
GSM,649,3,20114,14231,-1,17.5334,-19.146,1000,1,1,1693194473,1693194473,0
GSM,649,3,20115,14062,-1,16.1766,-18.0181,3559,3,1,1693207257,1700286038,0
GSM,649,3,20115,14064,-1,16.1766,-18.0181,3559,3,1,1693207257,1700286042,0
GSM,649,3,20115,14061,-1,16.1508,-17.9976,1000,1,1,1693207257,1693207257,0
GSM,649,3,20115,18051,-1,16.0424,-17.9429,1543,3,1,1693210185,1700286046,0
GSM,649,3,20115,17323,-1,15.9412,-17.6573,1000,2,1,1693213073,1700286057,0
GSM,649,1,122,20171,-1,15.9012,-17.5024,2381,5,1,1693214159,1735108133,0
GSM,649,1,122,16551,-1,15.9012,-17.503,2122,5,1,1693214159,1735108133,0
GSM,649,1,122,4122,-1,15.903,-17.5235,3346,6,1,1693214159,1725601450,0
GSM,649,1,122,16553,-1,15.9023,-17.5227,2645,6,1,1693214159,1735108133,0
GSM,649,1,122,4125,-1,15.9023,-17.5232,1593,2,1,1693214159,1725601450,0
GSM,649,1,122,20172,-1,15.9013,-17.5076,2958,4,1,1693214159,1735108133,0
GSM,649,1,108,13721,-1,15.8891,-17.382,7529,19,1,1693220961,1734763753,0
GSM,649,1,108,12301,-1,15.8885,-17.38,7295,19,1,1693216484,1734763753,0
GSM,649,1,108,19633,-1,15.8917,-17.3874,2258,15,1,1693225726,1734763753,0
GSM,649,1,108,18791,-1,15.8931,-17.3891,1161,8,1,1693215668,1726290235,0
GSM,649,1,108,19951,-1,15.8903,-17.384,3295,13,1,1693215668,1734763753,0
GSM,649,1,108,18793,-1,15.8918,-17.3926,1694,5,1,1693246542,1726117774,0
GSM,649,1,107,4073,-1,15.9058,-17.5433,1453,3,1,1693721652,1716611925,0
GSM,649,1,122,16552,-1,15.9052,-17.5381,3044,5,1,1693721652,1735108133,0
GSM,649,3,20115,18052,-1,15.9826,-17.9052,1489,2,1,1693724348,1700286049,0
GSM,649,1,112,15032,-1,18.2058,-20.4322,3858,2,1,1693755326,1716007003,0
GSM,649,3,20112,18642,-1,19.3694,-22.3403,4360,5,1,1700174423,1712032425,0
GSM,649,3,20112,18641,-1,19.4433,-22.3391,7473,5,1,1700174423,1712032424,0
GSM,649,3,20112,18612,-1,18.8019,-21.2324,4278,2,1,1700184320,1703396315,0
GSM,649,3,20112,18613,-1,18.7788,-21.2005,1000,2,1,1700184320,1703396315,0
GSM,649,3,20112,18611,-1,18.7788,-21.2005,1000,2,1,1700184320,1703396315,0
GSM,649,3,20114,14001,-1,17.5927,-19.2078,1000,1,1,1700202346,1700202346,0
GSM,649,3,20114,14222,-1,17.7994,-19.2866,1000,1,1,1700201003,1700201003,0
GSM,649,3,20114,14201,-1,17.5927,-19.2078,1000,1,1,1700202346,1700202346,0
GSM,649,3,20115,14112,-1,17.0699,-18.5105,1000,1,1,1700210480,1700210480,0
GSM,649,3,20115,14051,-1,16.3148,-18.1345,1000,1,1,1700215845,1700215845,0
GSM,649,3,20115,14211,-1,16.1891,-18.0282,1000,1,1,1700216797,1700216797,0
GSM,649,3,20115,14071,-1,16.0525,-17.948,1000,1,1,1700217687,1700217687,0
GSM,649,3,20115,17182,-1,15.9018,-17.5264,1000,2,1,1700245638,1700372120,0
GSM,649,3,20115,17082,-1,15.8932,-17.4559,1000,1,1,1700265452,1700265452,0
GSM,649,1,100,2552,-1,17.1266,-22.5816,1878,3,1,1700665422,1732949028,0
GSM,649,1,100,2551,-1,17.1207,-22.5789,1535,4,1,1700665422,1730183961,0
GSM,649,1,103,20002,-1,17.0067,-22.1927,9663,4,1,1700668903,1720070561,0
GSM,649,1,103,20003,-1,16.9836,-22.1378,3022,3,1,1700668903,1720070707,0
GSM,649,1,103,1263,-1,16.9018,-22.0019,1000,2,1,1700669808,1720070564,0
GSM,649,1,103,1262,-1,16.9018,-22.0019,1000,2,1,1700669808,1720070564,0
GSM,649,1,103,16604,-1,16.9197,-21.9935,1339,2,1,1700706425,1720070703,0
GSM,649,1,113,2761,-1,17.0694,-22.5795,1000,1,1,1700710025,1700710025,0
GSM,649,1,103,1692,-1,17.2488,-22.5509,6170,10,1,1700711870,1736577793,0
GSM,649,1,116,19353,-1,18.9803,-22.4468,1000,2,1,1700722700,1732949059,0
GSM,649,1,103,1693,-1,17.1853,-22.5672,3779,2,1,1702254304,1730548361,0
GSM,649,1,113,11352,-1,17.0917,-22.6232,1000,1,1,1702262404,1702262404,0
GSM,649,1,113,16901,-1,17.0727,-22.6217,1000,1,1,1702266025,1702266025,0
GSM,649,1,113,16902,-1,17.0917,-22.6232,1000,1,1,1702262404,1702262404,0
GSM,649,1,113,2762,-1,17.0806,-22.5926,1000,1,1,1702339925,1702339925,0
GSM,649,1,113,3792,-1,17.0813,-22.5793,1000,2,1,1702345304,1706765807,0
GSM,649,1,103,4471,-1,17.1627,-22.5753,2945,6,1,1702347118,1736577790,0
GSM,649,1,113,17842,-1,17.1351,-22.5826,1000,1,1,1702347118,1702347118,0
GSM,649,1,113,3782,-1,17.0696,-22.5356,1000,1,1,1703206796,1703206796,0
GSM,649,1,103,2682,-1,16.929,-22.0797,1000,1,1,1703211333,1703211333,0
GSM,649,3,20112,18502,-1,18.1557,-22.3553,11227,3,1,1703213997,1712119126,0
GSM,649,3,20111,60511,-1,17.0299,-22.2633,1000,1,1,1703226581,1703226581,0
GSM,649,3,20111,60321,-1,17.1428,-22.5723,6479,3,1,1703218478,1712118996,0
GSM,649,3,20111,61181,-1,17.1978,-22.5603,1000,1,1,1703218478,1703218478,0
GSM,649,3,20111,60262,-1,17.0717,-22.5296,1000,1,1,1703221230,1703221230,0
GSM,649,3,20111,60263,-1,17.0735,-22.5379,1000,1,1,1703220312,1703220312,0
GSM,649,3,20111,60851,-1,17.0747,-22.5577,2209,2,1,1703220312,1712119010,0
GSM,649,3,20111,60261,-1,17.0778,-22.5298,1000,1,1,1703223898,1703223898,0
GSM,649,3,20111,12182,-1,17.0735,-22.5379,1000,1,1,1703220312,1703220312,0
GSM,649,3,20111,61242,-1,17.0778,-22.5298,1000,1,1,1703223898,1703223898,0
GSM,649,3,20111,60343,-1,17.0778,-22.5298,1000,1,1,1703223898,1703223898,0
GSM,649,3,20111,62371,-1,17.0778,-22.5298,1000,1,1,1703223898,1703223898,0
GSM,649,3,20111,61241,-1,17.0778,-22.5298,1000,1,1,1703223898,1703223898,0
GSM,649,3,20111,61243,-1,17.0784,-22.5013,1000,1,1,1703224801,1703224801,0
GSM,649,1,100,1361,-1,17.0902,-22.5717,1000,2,1,1703224143,1706765823,0
GSM,649,1,100,1363,-1,17.0882,-22.5722,1000,2,1,1703223242,1706765824,0
GSM,649,3,20111,60443,-1,17.0778,-22.5298,1000,1,1,1703223898,1703223898,0
GSM,649,1,115,3683,-1,17.0869,-22.5527,1000,1,1,1703222327,1703222327,0
GSM,649,1,115,1383,-1,17.0934,-22.557,1000,3,1,1703222327,1730548358,0
GSM,649,1,100,1362,-1,17.0889,-22.5731,1000,3,1,1703224143,1726548401,0
GSM,649,3,20111,60441,-1,17.0784,-22.5013,1000,1,1,1703224801,1703224801,0
GSM,649,3,20111,12051,-1,17.0784,-22.5013,1000,1,1,1703224801,1703224801,0
GSM,649,3,20111,60341,-1,17.0784,-22.5013,1000,1,1,1703224801,1703224801,0
GSM,649,3,20111,60652,-1,17.0784,-22.5013,1000,1,1,1703224801,1703224801,0
GSM,649,3,20111,60442,-1,17.0784,-22.5013,1000,1,1,1703224801,1703224801,0
GSM,649,3,20111,60053,-1,17.0697,-22.4019,1000,1,1,1703225719,1703225719,0
GSM,649,3,20112,60311,-1,17.0299,-22.2633,1000,1,1,1703226581,1703226581,0
GSM,649,3,20112,60312,-1,17.0299,-22.2633,1000,1,1,1703226581,1703226581,0
GSM,649,3,20112,13031,-1,16.1943,-21.9155,1000,1,1,1703234697,1703234697,0
GSM,649,3,20112,13032,-1,16.1943,-21.9155,1000,1,1,1703234697,1703234697,0
GSM,649,3,40113,12002,-1,15.8786,-21.9384,1000,1,1,1703236488,1703236488,0
GSM,649,3,40113,12001,-1,15.9709,-21.4943,1000,1,1,1703238572,1703238572,0
GSM,649,3,40113,12471,-1,15.9505,-21.7587,1000,1,1,1703237425,1703237425,0
GSM,649,3,40113,12003,-1,15.8786,-21.9384,1000,1,1,1703236488,1703236488,0
GSM,649,3,40113,12472,-1,15.8786,-21.9384,1000,1,1,1703236488,1703236488,0
GSM,649,3,40113,12473,-1,15.8786,-21.9384,1000,1,1,1703236488,1703236488,0
GSM,649,3,40113,12162,-1,15.9583,-21.4146,1000,2,1,1703239229,1703396225,0
GSM,649,3,40113,12161,-1,15.9583,-21.4146,1000,2,1,1703239229,1703396221,0
GSM,649,3,40113,12362,-1,15.3994,-21.2883,3416,2,1,1703241947,1703396208,0
GSM,649,3,40113,12361,-1,15.0516,-21.2283,1000,1,1,1703244006,1703244006,0
GSM,649,3,40113,12363,-1,15.0516,-21.2283,1000,1,1,1703244006,1703244006,0
GSM,649,3,40113,12211,-1,14.8714,-21.2204,1000,1,1,1703245512,1703245512,0
GSM,649,3,40113,12213,-1,14.8698,-21.2199,1000,1,1,1703250028,1703250028,0
GSM,649,3,40113,12212,-1,14.8169,-21.3025,1000,1,1,1703250989,1703250989,0
GSM,649,3,40113,12163,-1,15.9577,-21.4133,1000,1,1,1703309534,1703309534,0
GSM,649,3,20112,13552,-1,16.6995,-20.4059,1000,1,1,1703315984,1703315984,0
GSM,649,3,20114,13473,-1,17.071,-19.9768,1000,1,1,1703318553,1703318553,0
GSM,649,3,20114,13471,-1,17.071,-19.9768,1000,1,1,1703318553,1703318553,0
GSM,649,3,20114,13172,-1,17.1845,-19.837,1000,1,1,1703319408,1703319408,0
GSM,649,3,20114,13231,-1,17.7543,-19.7213,1000,1,1,1703324839,1703324839,0
GSM,649,3,20114,13232,-1,17.7543,-19.7213,1000,1,1,1703324839,1703324839,0
GSM,649,1,116,3251,-1,19.9996,-22.2807,1000,3,1,1706569809,1736318534,0
GSM,649,1,103,4472,-1,17.1682,-22.5739,2848,5,1,1706598665,1736577790,0
GSM,649,1,113,17843,-1,17.0829,-22.6194,1000,1,1,1706610345,1706610345,0
UMTS,649,1,334,21877971,236,15.7618,-24.6187,1000,1,1,1707036663,1707036663,0
GSM,649,1,112,2172,-1,18.2141,-20.547,17898,3,1,1711878200,1727065979,0
GSM,649,3,20112,18521,-1,18.7969,-22.4103,1000,2,1,1711920695,1712119137,0
GSM,649,3,20112,18522,-1,18.6372,-22.3919,1349,2,1,1711921614,1712119132,0
GSM,649,3,20111,60121,-1,17.1006,-22.5777,1000,1,1,1711932425,1711932425,0
GSM,649,3,20111,60151,-1,17.0831,-22.6199,1000,2,1,1711933279,1712118982,0
GSM,649,3,20111,60153,-1,17.078,-22.6205,1000,2,1,1711984679,1712118938,0
GSM,649,3,20111,61283,-1,17.0727,-22.6217,1000,2,1,1711994546,1712118863,0
GSM,649,3,20111,61123,-1,17.078,-22.6205,1000,2,1,1711957654,1712118933,0
GSM,649,3,20111,60683,-1,17.0728,-22.6217,1000,2,1,1711934195,1712118967,0
GSM,649,3,20111,60521,-1,17.0728,-22.6217,1000,2,1,1711995464,1712118848,0
GSM,649,3,20111,61122,-1,17.0832,-22.6205,1000,1,1,1711933279,1711933279,0
GSM,649,3,20111,61121,-1,17.0728,-22.6217,1000,1,1,1711934195,1711934195,0
GSM,649,3,20111,60482,-1,17.078,-22.6205,1000,2,1,1711995464,1712118848,0
GSM,649,3,20111,60132,-1,17.0728,-22.6217,1000,2,1,1711995464,1712118848,0
GSM,649,3,20111,61182,-1,17.0727,-22.6217,1000,2,1,1711995464,1712118848,0
GSM,649,1,108,19682,-1,16.1394,-17.9917,1000,1,1,1711935137,1711935137,0
GSM,649,1,108,4182,-1,16.0726,-17.958,7302,6,1,1711935860,1735108149,0
GSM,649,1,108,2622,-1,16.0898,-17.9667,7855,4,1,1711935860,1725601431,0
GSM,649,1,108,3372,-1,16.1342,-17.9904,3591,2,1,1711935860,1716007234,0
GSM,649,1,108,4185,-1,16.0592,-17.9512,5453,3,1,1711935860,1735108149,0
GSM,649,1,108,4161,-1,15.9765,-17.862,1317,4,1,1711937700,1735108143,0
GSM,649,1,108,2242,-1,15.9798,-17.8734,1000,1,1,1711937700,1711937700,0
GSM,649,1,108,2241,-1,15.9798,-17.8734,1000,1,1,1711937700,1711937700,0
GSM,649,1,122,20062,-1,15.975,-17.79,1000,1,1,1711938572,1711938572,0
GSM,649,1,122,3393,-1,15.9294,-17.6413,3247,3,1,1711939499,1735108136,0
GSM,649,3,20111,60213,-1,17.078,-22.6205,1000,2,1,1711956737,1712118948,0
GSM,649,3,20111,60412,-1,17.078,-22.6205,1000,2,1,1711956737,1712118933,0
GSM,649,3,20111,62373,-1,17.073,-22.6217,1000,1,1,1711958512,1711958512,0
GSM,649,3,20111,60322,-1,17.0724,-22.6221,1000,2,1,1711995464,1712118848,0
GSM,649,3,20111,60523,-1,17.0726,-22.6226,1000,1,1,1712021632,1712021632,0
GSM,649,3,20111,61293,-1,17.0727,-22.6217,1000,1,1,1712045052,1712045052,0
GSM,649,3,20111,61292,-1,17.083,-22.6192,1000,1,1,1712046835,1712046835,0
GSM,649,3,20111,61252,-1,17.0759,-22.5773,1000,1,1,1712027907,1712027907,0
GSM,649,3,20111,60483,-1,17.0727,-22.6217,1000,1,1,1712044132,1712044132,0
GSM,649,3,20111,60531,-1,17.0758,-22.5775,1000,1,1,1712029736,1712029736,0
GSM,649,3,20111,60533,-1,17.0758,-22.5775,1000,1,1,1712029736,1712029736,0
GSM,649,3,20111,60123,-1,17.0758,-22.5775,1000,1,1,1712029736,1712029736,0
GSM,649,3,20111,60532,-1,17.0799,-22.5773,1000,1,1,1712026135,1712026135,0
GSM,649,3,20111,61323,-1,17.0758,-22.5775,1000,1,1,1712029736,1712029736,0
GSM,649,3,20111,60553,-1,17.0759,-22.5773,1000,1,1,1712027907,1712027907,0
GSM,649,3,20111,60292,-1,17.0758,-22.5775,1000,1,1,1712029736,1712029736,0
GSM,649,3,20111,60413,-1,17.0758,-22.5775,1000,1,1,1712029736,1712029736,0
GSM,649,3,20111,61291,-1,17.0759,-22.5773,1000,1,1,1712027907,1712027907,0
GSM,649,3,20111,61161,-1,17.0759,-22.5773,1000,1,1,1712027907,1712027907,0
GSM,649,3,20111,61282,-1,17.0727,-22.6217,1000,1,1,1712043226,1712043226,0
GSM,649,3,20111,13312,-1,17.121,-22.5845,1000,1,1,1712047761,1712047761,0
GSM,649,1,107,3363,-1,15.8946,-17.3873,1000,1,1,1712091791,1712091791,0
GSM,649,1,122,16591,-1,15.9465,-17.6811,4940,4,1,1712544962,1735108139,0
GSM,649,1,108,4181,-1,16.0357,-17.9394,1376,4,1,1712547677,1735108149,0
GSM,649,1,108,4184,-1,16.0357,-17.9394,1376,4,1,1712547677,1735108149,0
GSM,649,1,108,12583,-1,16.0395,-17.9413,1000,3,1,1712547677,1735108149,0
GSM,649,1,107,2771,-1,16.4527,-18.2513,1000,2,1,1712551275,1716007228,0
GSM,649,1,112,15755,-1,17.792,-19.2834,1000,2,1,1712562094,1716698139,0
GSM,649,1,112,16173,-1,18.1094,-19.8152,11583,5,1,1712565693,1727065975,0
GSM,649,1,112,17902,-1,18.1049,-19.7997,1000,1,1,1712565693,1712565693,0
GSM,649,1,112,20371,-1,18.1974,-20.0786,6656,6,1,1712567533,1735108213,0
GSM,649,1,112,2153,-1,18.1942,-20.0542,20765,5,1,1712567533,1735108224,0
GSM,649,1,112,2171,-1,18.2061,-20.1968,19094,5,1,1712568389,1727065978,0
GSM,649,1,116,11852,-1,19.0513,-21.7352,3976,3,1,1715870667,1727154870,0
GSM,649,1,116,14832,-1,18.8,-21.2509,1000,1,1,1715874432,1715874432,0
GSM,649,1,102,3222,-1,18.2092,-20.7825,10576,2,1,1715878761,1735191429,0
GSM,649,1,102,3221,-1,18.2135,-20.3551,1000,1,1,1715903085,1715903085,0
GSM,649,1,112,3582,-1,17.6602,-19.2281,1000,3,1,1715931041,1725601360,0
GSM,649,1,122,3341,-1,15.9018,-17.5292,1000,1,1,1716531251,1716531251,0
GSM,649,1,122,3391,-1,15.9018,-17.5292,1000,1,1,1716531251,1716531251,0
GSM,649,1,122,2262,-1,15.9668,-17.7474,1000,1,1,1716533923,1716533923,0
GSM,649,1,108,2623,-1,16.0109,-17.9023,5943,2,1,1716534884,1727065931,0
GSM,649,1,108,4171,-1,15.9833,-17.8845,2795,2,1,1716534884,1727065928,0
GSM,649,1,108,4173,-1,15.9892,-17.9162,1000,1,1,1716536660,1716536660,0
GSM,649,1,107,4223,-1,16.8013,-18.449,1000,1,1,1716544757,1716544757,0
GSM,649,1,112,3583,-1,17.6046,-19.1776,19567,4,1,1716574482,1735108190,0
GSM,649,1,112,15741,-1,17.6592,-19.2265,1000,1,1,1716592522,1716592522,0
GSM,649,1,112,11865,-1,17.7912,-19.2831,1000,2,1,1716594293,1725601357,0
GSM,649,1,103,17622,-1,17.2366,-22.5526,1000,1,1,1719947546,1719947546,0
GSM,649,1,103,17623,-1,17.2306,-22.5539,1000,2,1,1719947546,1734933582,0
GSM,649,1,103,4672,-1,16.9662,-22.1159,1000,1,1,1719983315,1719983315,0
GSM,649,1,115,1382,-1,17.0959,-22.5572,1000,1,1,1719986021,1719986021,0
GSM,649,1,123,29692,-1,25.2417,-17.8005,1000,1,1,1721604865,1721604865,0
GSM,649,1,116,14831,-1,18.5236,-21.0278,1000,1,1,1725485174,1725485174,0
GSM,649,1,107,12073,-1,16.5625,-18.3446,3020,2,1,1725519188,1735108161,0
GSM,649,1,107,20311,-1,16.3258,-18.1437,1000,1,1,1725522040,1725522040,0
GSM,649,1,108,4183,-1,16.0242,-17.9336,1000,1,1,1725525751,1725525751,0
GSM,649,1,108,13353,-1,15.957,-17.6985,1000,1,1,1725528618,1725528618,0
GSM,649,1,122,20202,-1,15.9583,-17.7111,1405,2,1,1725528618,1735108139,0
GSM,649,1,108,20083,-1,15.957,-17.6985,1000,1,1,1725528618,1725528618,0
GSM,649,1,108,16521,-1,15.8942,-17.3856,1000,1,1,1725750917,1725750917,0
GSM,649,1,108,4005,-1,15.8942,-17.3856,1000,2,1,1726043427,1726290183,0
GSM,649,1,116,14333,-1,17.9247,-22.3834,1000,1,1,1726404286,1726404286,0
GSM,649,1,103,2091,-1,17.6915,-22.4054,6086,3,1,1726406109,1736491370,0
GSM,649,1,113,14001,-1,17.0957,-22.6093,1000,1,1,1726452700,1726452700,0
GSM,649,1,113,14002,-1,17.0815,-22.6094,1000,1,1,1726454612,1726454612,0
GSM,649,1,113,16903,-1,17.0815,-22.6094,1000,1,1,1726454612,1726454612,0
GSM,649,1,108,20062,-1,15.9734,-17.8527,1000,1,1,1726984819,1726984819,0
GSM,649,1,108,4174,-1,15.9902,-17.9088,1000,1,1,1726985650,1726985650,0
GSM,649,1,107,4185,-1,16.3587,-18.1716,1000,1,1,1726989344,1726989344,0
GSM,649,1,112,2163,-1,16.6886,-18.4175,1000,1,1,1726992160,1726992160,0
GSM,649,1,112,1550,-1,16.6886,-18.4175,1000,1,1,1726992160,1726992160,0
GSM,649,1,112,11866,-1,17.6198,-19.2108,1000,1,1,1727000780,1727000780,0
GSM,649,1,112,1892,-1,17.8297,-19.3147,1000,1,1,1727002576,1727002576,0
GSM,649,1,112,3311,-1,18.1085,-19.7956,1000,1,1,1727011100,1727011100,0
GSM,649,1,112,2151,-1,18.2168,-20.2074,1000,1,1,1727013858,1727013858,0
GSM,649,1,102,16740,-1,18.2324,-20.986,1000,2,1,1727029514,1727154793,0
GSM,649,1,116,2180,-1,18.7463,-21.1365,1000,1,1,1727046220,1727046220,0
GSM,649,1,116,2181,-1,18.7463,-21.1365,1000,1,1,1727046220,1727046220,0
GSM,649,1,116,14833,-1,19.0408,-21.5523,1000,1,1,1727049899,1727049899,0
GSM,649,1,116,3901,-1,18.5734,-22.3897,5182,4,1,1730103394,1736491342,0
GSM,649,1,116,14331,-1,18.4574,-22.3778,19092,7,1,1730105237,1736491339,0
GSM,649,1,100,10131,-1,17.112,-22.5748,1000,1,1,1730118208,1730118208,0
GSM,649,255,115,699,-1,17.0783,-22.5198,1000,1,1,1730165451,1730165451,0
GSM,649,1,115,1294,-1,17.0777,-22.5203,1000,2,1,1730188072,1732862444,0
GSM,649,1,115,1292,-1,17.0778,-22.5205,1000,1,1,1730415547,1730415547,0
GSM,649,1,116,2510,-1,19.7989,-22.3094,1000,1,1,1730479520,1730479520,0
GSM,649,1,116,2093,-1,17.7849,-22.3918,1000,1,1,1732663810,1732663810,0
GSM,649,1,116,2803,-1,17.7849,-22.3918,1000,1,1,1732663810,1732663810,0
GSM,649,1,103,14702,-1,17.7496,-22.3949,1000,1,1,1734830133,1734830133,0
GSM,649,1,103,15532,-1,17.7496,-22.3949,1000,1,1,1734830133,1734830133,0
GSM,649,1,115,10031,-1,17.0778,-22.5247,1000,1,1,1734835065,1734835065,0
GSM,649,1,116,2091,-1,17.8609,-22.3909,1000,1,1,1734935494,1734935494,0
GSM,649,1,108,4172,-1,15.9941,-17.9187,1000,1,1,1735021280,1735021280,0
GSM,649,1,107,2163,-1,16.5412,-18.3264,1000,1,1,1735025816,1735025816,0
GSM,649,1,116,11820,-1,19.9953,-22.2819,1000,2,1,1736205181,1736405064,0
GSM,649,1,116,4092,-1,18.9826,-22.4498,1000,1,1,1736376698,1736376698,0
